"","Date","Raw.mean.ft.below.ground","Corrected.mean.ft.below.ground","Flag_code_1","Flag_Code_2","Rain_in","CalendarYear","Month","MonthName","WaterYear","DayofYear","cumulative_rain","SOWY_Depth","Depth_Difference","Roll_7D_SumRain","value_7_days_ago","day7_diff_gw","value_3_days_ahead"
"1",2023-10-20,60.99,60.99,"","",0,2023,10,"Oct","2024",20,0,60.99,0,NA,NA,NA,60.99
"2",2023-10-21,60.9,60.9,"","",0.01,2023,10,"Oct","2024",21,0.01,60.99,0.0900000000000034,NA,NA,NA,60.9
"3",2023-10-22,60.83,60.83,"","",0,2023,10,"Oct","2024",22,0.01,60.99,0.160000000000004,NA,NA,NA,60.83
"4",2023-10-23,60.82,60.82,"","",0.04,2023,10,"Oct","2024",23,0.05,60.99,0.170000000000002,NA,NA,NA,60.82
"5",2023-10-24,60.82,60.82,"","",0,2023,10,"Oct","2024",24,0.05,60.99,0.170000000000002,NA,NA,NA,60.82
"6",2023-10-25,60.83,60.83,"","",0,2023,10,"Oct","2024",25,0.05,60.99,0.160000000000004,NA,NA,NA,60.83
"7",2023-10-26,60.81,60.81,"","",0,2023,10,"Oct","2024",26,0.05,60.99,0.18,NA,NA,NA,60.81
"8",2023-10-27,60.91,60.91,"","",0.01,2023,10,"Oct","2024",27,0.06,60.99,0.0800000000000054,NA,NA,NA,60.91
"9",2023-10-28,60.84,60.84,"","",0,2023,10,"Oct","2024",28,0.06,60.99,0.149999999999999,NA,NA,NA,60.84
"10",2023-10-29,60.82,60.82,"","",0,2023,10,"Oct","2024",29,0.06,60.99,0.170000000000002,NA,NA,NA,60.82
"11",2023-10-30,60.82,60.82,"","",0,2023,10,"Oct","2024",30,0.06,60.99,0.170000000000002,NA,NA,NA,60.82
"12",2023-10-31,60.83,60.83,"","",0,2023,10,"Oct","2024",31,0.06,60.99,0.160000000000004,NA,NA,NA,60.83
"13",2023-11-01,60.96,60.96,"","",0,2023,11,"Nov","2024",32,0.06,60.99,0.0300000000000011,NA,NA,NA,60.96
"14",2023-11-02,60.89,60.89,"","",0,2023,11,"Nov","2024",33,0.06,60.99,0.100000000000001,0.06,NA,NA,60.89
"15",2023-11-03,60.9,60.9,"","",0,2023,11,"Nov","2024",34,0.06,60.99,0.0900000000000034,0.06,60.99,0.0900000000000034,60.9
"16",2023-11-04,60.93,60.93,"","",0,2023,11,"Nov","2024",35,0.06,60.99,0.0600000000000023,0.05,60.9,-0.0300000000000011,60.93
"17",2023-11-05,61,61,"","",0,2023,11,"Nov","2024",36,0.06,60.99,-0.00999999999999801,0.05,60.83,-0.170000000000002,61
"18",2023-11-06,60.97,60.97,"","",0,2023,11,"Nov","2024",37,0.06,60.99,0.0200000000000031,0.01,60.82,-0.149999999999999,60.97
"19",2023-11-07,60.98,60.98,"","",0,2023,11,"Nov","2024",38,0.06,60.99,0.0100000000000051,0.01,60.82,-0.159999999999997,60.98
"20",2023-11-08,61.02,61.02,"","",0,2023,11,"Nov","2024",39,0.06,60.99,-0.0300000000000011,0.01,60.83,-0.190000000000005,61.02
"21",2023-11-09,61.04,61.04,"","",0,2023,11,"Nov","2024",40,0.06,60.99,-0.0499999999999972,0.01,60.81,-0.229999999999997,61.04
"22",2023-11-10,61.04,61.04,"","",0,2023,11,"Nov","2024",41,0.06,60.99,-0.0499999999999972,0,60.91,-0.130000000000003,61.04
"23",2023-11-11,61.07,61.07,"","",0,2023,11,"Nov","2024",42,0.06,60.99,-0.0799999999999983,0,60.84,-0.229999999999997,61.07
"24",2023-11-12,61.07,61.07,"","",0,2023,11,"Nov","2024",43,0.06,60.99,-0.0799999999999983,0,60.82,-0.25,61.07
"25",2023-11-13,61.23,61.23,"","",0,2023,11,"Nov","2024",44,0.06,60.99,-0.239999999999995,0,60.82,-0.409999999999997,61.23
"26",2023-11-14,61.19,61.19,"","",0,2023,11,"Nov","2024",45,0.06,60.99,-0.199999999999996,0,60.83,-0.359999999999999,61.19
"27",2023-11-15,61.13,61.13,"","",0.19,2023,11,"Nov","2024",46,0.25,60.99,-0.140000000000001,0.19,60.96,-0.170000000000002,61.13
"28",2023-11-16,61.14,61.14,"","",0.11,2023,11,"Nov","2024",47,0.36,60.99,-0.149999999999999,0.3,60.89,-0.25,61.14
"29",2023-11-17,61.14,61.14,"","",0.39,2023,11,"Nov","2024",48,0.75,60.99,-0.149999999999999,0.69,60.9,-0.240000000000002,61.14
"30",2023-11-18,61.1,61.1,"","",0.73,2023,11,"Nov","2024",49,1.48,60.99,-0.109999999999999,1.42,60.93,-0.170000000000002,61.1
"31",2023-11-19,61.08,61.08,"","",0.01,2023,11,"Nov","2024",50,1.49,60.99,-0.0899999999999963,1.43,61,-0.0799999999999983,61.08
"32",2023-11-20,61.08,61.08,"","",0,2023,11,"Nov","2024",51,1.49,60.99,-0.0899999999999963,1.43,60.97,-0.109999999999999,61.08
"33",2023-11-21,61.11,61.11,"","",0,2023,11,"Nov","2024",52,1.49,60.99,-0.119999999999997,1.43,60.98,-0.130000000000003,61.11
"34",2023-11-22,61.12,61.12,"","",0,2023,11,"Nov","2024",53,1.49,60.99,-0.129999999999995,1.43,61.02,-0.0999999999999943,61.12
"35",2023-11-23,61.02,61.02,"","",0,2023,11,"Nov","2024",54,1.49,60.99,-0.0300000000000011,1.43,61.04,0.019999999999996,61.02
"36",2023-11-24,60.98,60.98,"","",0,2023,11,"Nov","2024",55,1.49,60.99,0.0100000000000051,1.43,61.04,0.0600000000000023,60.98
"37",2023-11-25,60.99,60.99,"","",0,2023,11,"Nov","2024",56,1.49,60.99,0,1.43,61.07,0.0799999999999983,60.99
"38",2023-11-26,60.94,60.94,"","",0,2023,11,"Nov","2024",57,1.49,60.99,0.0500000000000043,1.43,61.07,0.130000000000003,60.94
"39",2023-11-27,60.92,60.92,"","",0,2023,11,"Nov","2024",58,1.49,60.99,0.0700000000000003,1.43,61.23,0.309999999999995,60.92
"40",2023-11-28,60.92,60.92,"","",0,2023,11,"Nov","2024",59,1.49,60.99,0.0700000000000003,1.43,61.19,0.269999999999996,60.92
"41",2023-11-29,60.91,60.91,"","",0.09,2023,11,"Nov","2024",60,1.58,60.99,0.0800000000000054,1.33,61.13,0.220000000000006,60.91
"42",2023-11-30,60.84,60.84,"","",0,2023,11,"Nov","2024",61,1.58,60.99,0.149999999999999,1.22,61.14,0.299999999999997,60.84
"43",2023-12-01,60.94,60.94,"","",0,2023,12,"Dec","2024",62,1.58,60.99,0.0500000000000043,0.83,61.14,0.200000000000003,60.94
"44",2023-12-02,60.85,60.85,"","",0,2023,12,"Dec","2024",63,1.58,60.99,0.140000000000001,0.1,61.1,0.25,60.85
"45",2023-12-03,60.83,60.83,"","",0,2023,12,"Dec","2024",64,1.58,60.99,0.160000000000004,0.09,61.08,0.25,60.83
"46",2023-12-04,60.91,60.91,"","",0,2023,12,"Dec","2024",65,1.58,60.99,0.0800000000000054,0.09,61.08,0.170000000000002,60.91
"47",2023-12-05,60.81,60.81,"","",0,2023,12,"Dec","2024",66,1.58,60.99,0.18,0.09,61.11,0.299999999999997,60.81
"48",2023-12-06,60.8,60.8,"","",0,2023,12,"Dec","2024",67,1.58,60.99,0.190000000000005,0.09,61.12,0.32,60.8
"49",2023-12-07,60.81,60.81,"","",0,2023,12,"Dec","2024",68,1.58,60.99,0.18,0.09,61.02,0.210000000000001,60.81
"50",2023-12-08,60.8,60.8,"","",0,2023,12,"Dec","2024",69,1.58,60.99,0.190000000000005,0.09,60.98,0.18,60.8
"51",2023-12-09,60.82,60.82,"","",0,2023,12,"Dec","2024",70,1.58,60.99,0.170000000000002,0.09,60.99,0.170000000000002,60.82
"52",2023-12-10,60.82,60.82,"","",0,2023,12,"Dec","2024",71,1.58,60.99,0.170000000000002,0.09,60.94,0.119999999999997,60.82
"53",2023-12-11,60.82,60.82,"","",0,2023,12,"Dec","2024",72,1.58,60.99,0.170000000000002,0.09,60.92,0.100000000000001,60.82
"54",2023-12-12,60.82,60.82,"","",0,2023,12,"Dec","2024",73,1.58,60.99,0.170000000000002,0.09,60.92,0.100000000000001,60.82
"55",2023-12-13,60.85,60.85,"","",0,2023,12,"Dec","2024",74,1.58,60.99,0.140000000000001,0,60.91,0.0599999999999952,60.85
"56",2023-12-14,60.85,60.85,"","",0,2023,12,"Dec","2024",75,1.58,60.99,0.140000000000001,0,60.84,-0.00999999999999801,60.85
"57",2023-12-15,60.87,60.87,"","",0,2023,12,"Dec","2024",76,1.58,60.99,0.120000000000005,0,60.94,0.0700000000000003,60.87
"58",2023-12-16,60.87,60.87,"","",0,2023,12,"Dec","2024",77,1.58,60.99,0.120000000000005,0,60.85,-0.019999999999996,60.87
"59",2023-12-17,60.87,60.87,"","",0,2023,12,"Dec","2024",78,1.58,60.99,0.120000000000005,0,60.83,-0.0399999999999991,60.87
"60",2023-12-18,60.87,60.87,"","",0.27,2023,12,"Dec","2024",79,1.85,60.99,0.120000000000005,0.27,60.91,0.0399999999999991,60.87
"61",2023-12-19,60.85,60.85,"","",1.31,2023,12,"Dec","2024",80,3.16,60.99,0.140000000000001,1.58,60.81,-0.0399999999999991,60.85
"62",2023-12-20,60.84,60.84,"","",3.41,2023,12,"Dec","2024",81,6.57,60.99,0.149999999999999,4.99,60.8,-0.0400000000000063,60.84
"63",2023-12-21,60.52,60.52,"","",0.62,2023,12,"Dec","2024",82,7.19,60.99,0.469999999999999,5.61,60.81,0.289999999999999,60.52
"64",2023-12-22,60.4,60.4,"","",0.09,2023,12,"Dec","2024",83,7.28,60.99,0.590000000000003,5.7,60.8,0.399999999999999,60.4
"65",2023-12-23,60.33,60.33,"","",0,2023,12,"Dec","2024",84,7.28,60.99,0.660000000000004,5.7,60.82,0.490000000000002,60.33
"66",2023-12-24,60.26,60.26,"","",0,2023,12,"Dec","2024",85,7.28,60.99,0.730000000000004,5.7,60.82,0.560000000000002,60.26
"67",2023-12-25,60.18,60.18,"","",0,2023,12,"Dec","2024",86,7.28,60.99,0.810000000000002,5.7,60.82,0.640000000000001,60.18
"68",2023-12-26,60.14,60.14,"","",0,2023,12,"Dec","2024",87,7.28,60.99,0.850000000000001,5.7,60.82,0.68,60.14
"69",2023-12-27,60.06,60.06,"","",0,2023,12,"Dec","2024",88,7.28,60.99,0.93,5.7,60.85,0.789999999999999,60.06
"70",2023-12-28,60.05,60.05,"","",0,2023,12,"Dec","2024",89,7.28,60.99,0.940000000000005,5.7,60.85,0.800000000000004,60.05
"71",2023-12-29,59.92,59.92,"","",0.57,2023,12,"Dec","2024",90,7.85,60.99,1.07,6.27,60.87,0.949999999999996,59.92
"72",2023-12-30,59.8,59.8,"","",1.37,2023,12,"Dec","2024",91,9.22,60.99,1.19,7.64,60.87,1.07,59.8
"73",2023-12-31,59.67,59.67,"","",0,2023,12,"Dec","2024",92,9.22,60.99,1.32,7.64,60.87,1.2,59.67
"74",2024-01-01,59.6,59.6,"","",0,2024,1,"Jan","2024",93,9.22,60.99,1.39,7.37,60.87,1.27,59.6
"75",2024-01-02,59.61,59.61,"","",0.51,2024,1,"Jan","2024",94,9.73,60.99,1.38,6.57,60.85,1.24,59.61
"76",2024-01-03,59.56,59.56,"","",0.16,2024,1,"Jan","2024",95,9.89,60.99,1.43,3.32,60.84,1.28,59.56
"77",2024-01-04,59.45,59.45,"","",0,2024,1,"Jan","2024",96,9.89,60.99,1.54,2.7,60.52,1.07,59.45
"78",2024-01-05,59.33,59.33,"","",0,2024,1,"Jan","2024",97,9.89,60.99,1.66,2.61,60.4,1.07,59.33
"79",2024-01-06,59.34,59.34,"","",0.1,2024,1,"Jan","2024",98,9.99,60.99,1.65,2.71,60.33,0.989999999999995,59.34
"80",2024-01-07,59.2,59.2,"","",0,2024,1,"Jan","2024",99,9.99,60.99,1.79,2.71,60.26,1.06,59.2
"81",2024-01-08,59.13,59.13,"","",0,2024,1,"Jan","2024",100,9.99,60.99,1.86,2.71,60.18,1.05,59.13
"82",2024-01-09,59.03,59.03,"","",0.03,2024,1,"Jan","2024",101,10.02,60.99,1.96,2.74,60.14,1.11,59.03
"83",2024-01-10,58.88,58.88,"","",0.07,2024,1,"Jan","2024",102,10.09,60.99,2.11,2.81,60.06,1.18,58.88
"84",2024-01-11,58.81,58.81,"","",0.06,2024,1,"Jan","2024",103,10.15,60.99,2.18,2.87,60.05,1.23999999999999,58.81
"85",2024-01-12,58.77,58.77,"","",0,2024,1,"Jan","2024",104,10.15,60.99,2.22,2.3,59.92,1.15,58.77
"86",2024-01-13,58.61,58.61,"","",0,2024,1,"Jan","2024",105,10.15,60.99,2.38,0.93,59.8,1.19,58.61
"87",2024-01-14,58.37,58.37,"","",0.01,2024,1,"Jan","2024",106,10.16,60.99,2.62,0.94,59.67,1.3,58.37
"88",2024-01-15,58.28,58.28,"","",0,2024,1,"Jan","2024",107,10.16,60.99,2.71,0.94,59.6,1.32,58.28
"89",2024-01-16,58.29,58.29,"","",0,2024,1,"Jan","2024",108,10.16,60.99,2.7,0.43,59.61,1.32,58.29
"90",2024-01-17,58.19,58.19,"","",0,2024,1,"Jan","2024",109,10.16,60.99,2.8,0.27,59.56,1.37,58.19
"91",2024-01-18,58.13,58.13,"","",0,2024,1,"Jan","2024",110,10.16,60.99,2.86,0.27,59.45,1.32,58.13
"92",2024-01-19,58.18,58.18,"","",0.22,2024,1,"Jan","2024",111,10.38,60.99,2.81,0.49,59.33,1.15,58.18
"93",2024-01-20,58,58,"","",0.4,2024,1,"Jan","2024",112,10.78,60.99,2.99,0.79,59.34,1.34,58
"94",2024-01-21,57.92,57.92,"","",0.12,2024,1,"Jan","2024",113,10.9,60.99,3.07,0.91,59.2,1.28,57.92
"95",2024-01-22,57.85,57.85,"","",0.66,2024,1,"Jan","2024",114,11.56,60.99,3.14,1.57,59.13,1.28,57.85
"96",2024-01-23,57.81,57.81,"","",0.08,2024,1,"Jan","2024",115,11.64,60.99,3.18,1.62,59.03,1.22,57.81
"97",2024-01-24,57.77,57.77,"","",0.07,2024,1,"Jan","2024",116,11.71,60.99,3.22,1.62,58.88,1.11,57.77
"98",2024-01-25,57.73,57.73,"","",0.03,2024,1,"Jan","2024",117,11.74,60.99,3.26000000000001,1.59,58.81,1.08000000000001,57.73
"99",2024-01-26,57.7,57.7,"","",0,2024,1,"Jan","2024",118,11.74,60.99,3.29,1.59,58.77,1.07,57.7
"100",2024-01-27,57.66,57.66,"","",0,2024,1,"Jan","2024",119,11.74,60.99,3.33000000000001,1.59,58.61,0.950000000000003,57.66
"101",2024-01-28,57.64,57.64,"","",0,2024,1,"Jan","2024",120,11.74,60.99,3.35,1.58,58.37,0.729999999999997,57.64
"102",2024-01-29,57.77,57.77,"","",0,2024,1,"Jan","2024",121,11.74,60.99,3.22,1.58,58.28,0.509999999999998,57.77
"103",2024-01-30,57.68,57.68,"","",0,2024,1,"Jan","2024",122,11.74,60.99,3.31,1.58,58.29,0.609999999999999,57.68
"104",2024-01-31,57.54,57.54,"","",1.2,2024,1,"Jan","2024",123,12.94,60.99,3.45,2.78,58.19,0.649999999999999,57.54
"105",2024-02-01,57.21,57.21,"","",1.79,2024,2,"Feb","2024",124,14.73,60.99,3.78,4.57,58.13,0.920000000000002,57.21
"106",2024-02-02,57.12,57.12,"","",0.06,2024,2,"Feb","2024",125,14.79,60.99,3.87,4.41,58.18,1.06,57.12
"107",2024-02-03,57.15,57.15,"","",0.31,2024,2,"Feb","2024",126,15.1,60.99,3.84,4.32,58,0.850000000000001,57.15
"108",2024-02-04,56.61,56.61,"","",4.66,2024,2,"Feb","2024",127,19.76,60.99,4.38,8.86,57.92,1.31,56.61
"109",2024-02-05,56.34,56.34,"","",0.19,2024,2,"Feb","2024",128,19.95,60.99,4.65,8.39,57.85,1.51,56.34
"110",2024-02-06,56.78,56.78,"","",0.09,2024,2,"Feb","2024",129,20.04,60.99,4.21,8.4,57.81,1.03,56.78
"111",2024-02-07,56.91,56.91,"","",0.68,2024,2,"Feb","2024",130,20.72,60.99,4.08000000000001,9.01,57.77,0.860000000000007,56.91
"112",2024-02-08,57.02,57.02,"","",0.16,2024,2,"Feb","2024",131,20.88,60.99,3.97,9.14,57.73,0.709999999999994,57.02
"113",2024-02-09,57.14,57.14,"","",0.01,2024,2,"Feb","2024",132,20.89,60.99,3.85,9.15,57.7,0.560000000000002,57.14
"114",2024-02-10,57.2,57.2,"","",0,2024,2,"Feb","2024",133,20.89,60.99,3.79,9.15,57.66,0.459999999999994,57.2
"115",2024-02-11,57.16,57.16,"","",0,2024,2,"Feb","2024",134,20.89,60.99,3.83000000000001,9.15,57.64,0.480000000000004,57.16
"116",2024-02-12,57.23,57.23,"","",0,2024,2,"Feb","2024",135,20.89,60.99,3.76000000000001,9.15,57.77,0.540000000000006,57.23
"117",2024-02-13,57.34,57.34,"","",0,2024,2,"Feb","2024",136,20.89,60.99,3.65,9.15,57.68,0.339999999999996,57.34
"118",2024-02-14,57.27,57.27,"","",0,2024,2,"Feb","2024",137,20.89,60.99,3.72,7.95,57.54,0.269999999999996,57.27
"119",2024-02-15,57.36,57.36,"","",0.13,2024,2,"Feb","2024",138,21.02,60.99,3.63,6.29,57.21,-0.149999999999999,57.36
"120",2024-02-16,57.19,57.19,"","",0,2024,2,"Feb","2024",139,21.02,60.99,3.8,6.23,57.12,-0.0700000000000003,57.19
"121",2024-02-17,57.19,57.19,"","",0.42,2024,2,"Feb","2024",140,21.44,60.99,3.8,6.34,57.15,-0.0399999999999991,57.19
"122",2024-02-18,57.16,57.16,"","",2.09,2024,2,"Feb","2024",141,23.53,60.99,3.83000000000001,3.77,56.61,-0.549999999999997,57.16
"123",2024-02-19,56.8,56.8,"","",1.35,2024,2,"Feb","2024",142,24.88,60.99,4.19,4.93,56.34,-0.459999999999994,56.8
"124",2024-02-20,56.48,56.48,"","",0.2,2024,2,"Feb","2024",143,25.08,60.99,4.51000000000001,5.04,56.78,0.300000000000004,56.48
"125",2024-02-21,56.48,56.48,"","",0.82,2024,2,"Feb","2024",144,25.9,60.99,4.51000000000001,5.18,56.91,0.43,56.48
"126",2024-02-22,56.67,56.67,"","",0.01,2024,2,"Feb","2024",145,25.91,60.99,4.32,5.03,57.02,0.350000000000001,56.67
"127",2024-02-23,56.77,56.77,"","",0,2024,2,"Feb","2024",146,25.91,60.99,4.22,5.02,57.14,0.369999999999997,56.77
"128",2024-02-24,56.82,56.82,"","",0,2024,2,"Feb","2024",147,25.91,60.99,4.17,5.02,57.2,0.380000000000003,56.82
"129",2024-02-25,56.75,56.75,"","",0,2024,2,"Feb","2024",148,25.91,60.99,4.24,5.02,57.16,0.409999999999997,56.75
"130",2024-02-26,56.82,56.82,"","",0,2024,2,"Feb","2024",149,25.91,60.99,4.17,5.02,57.23,0.409999999999997,56.82
"131",2024-02-27,56.83,56.83,"","",0,2024,2,"Feb","2024",150,25.91,60.99,4.16,5.02,57.34,0.510000000000005,56.83
"132",2024-02-28,56.86,56.86,"","",0.01,2024,2,"Feb","2024",151,25.92,60.99,4.13,5.03,57.27,0.410000000000004,56.86
"133",2024-02-29,56.89,56.89,"","",0.11,2024,2,"Feb","2024",152,26.03,60.99,4.1,5.01,57.36,0.469999999999999,56.89
"134",2024-03-01,56.86,56.86,"","",0.8,2024,3,"Mar","2024",153,26.83,60.99,4.13,5.81,57.19,0.329999999999998,56.86
"135",2024-03-02,56.83,56.83,"","",0.57,2024,3,"Mar","2024",154,27.4,60.99,4.16,5.96,57.19,0.359999999999999,56.83
"136",2024-03-03,56.83,56.83,"","",0.1,2024,3,"Mar","2024",155,27.5,60.99,4.16,3.97,57.16,0.329999999999998,56.83
"137",2024-03-04,56.83,56.83,"","",0.01,2024,3,"Mar","2024",156,27.51,60.99,4.16,2.63,56.8,-0.0300000000000011,56.83
"138",2024-03-05,56.83,56.83,"","",0,2024,3,"Mar","2024",157,27.51,60.99,4.16,2.43,56.48,-0.350000000000001,56.83
"139",2024-03-06,56.8,56.8,"","",0.26,2024,3,"Mar","2024",158,27.77,60.99,4.19,1.87,56.48,-0.32,56.8
"140",2024-03-07,56.79,56.79,"","",0.22,2024,3,"Mar","2024",159,27.99,60.99,4.2,2.08,56.67,-0.119999999999997,56.79
"141",2024-03-08,56.88,56.88,"","",0,2024,3,"Mar","2024",160,27.99,60.99,4.11,2.08,56.77,-0.109999999999999,56.88
"142",2024-03-09,56.94,56.94,"","",0,2024,3,"Mar","2024",161,27.99,60.99,4.05,2.08,56.82,-0.119999999999997,56.94
"143",2024-03-10,56.82,56.82,"","",0,2024,3,"Mar","2024",162,27.99,60.99,4.17,2.08,56.75,-0.0700000000000003,56.82
"144",2024-03-11,56.74,56.74,"","",0,2024,3,"Mar","2024",163,27.99,60.99,4.25,2.08,56.82,0.0799999999999983,56.74
"145",2024-03-12,56.73,56.73,"","",0,2024,3,"Mar","2024",164,27.99,60.99,4.26000000000001,2.08,56.83,0.100000000000001,56.73
"146",2024-03-13,56.74,56.74,"","",0,2024,3,"Mar","2024",165,27.99,60.99,4.25,2.07,56.86,0.119999999999997,56.74
"147",2024-03-14,56.68,56.68,"","",0,2024,3,"Mar","2024",166,27.99,60.99,4.31,1.96,56.89,0.210000000000001,56.68
"148",2024-03-15,56.7,56.7,"","",0,2024,3,"Mar","2024",167,27.99,60.99,4.29,1.16,56.86,0.159999999999997,56.7
"149",2024-03-16,56.75,56.75,"","",0,2024,3,"Mar","2024",168,27.99,60.99,4.24,0.59,56.83,0.0799999999999983,56.75
"150",2024-03-17,56.64,56.64,"","",0,2024,3,"Mar","2024",169,27.99,60.99,4.35,0.49,56.83,0.189999999999998,56.64
"151",2024-03-18,56.6,56.6,"","",0,2024,3,"Mar","2024",170,27.99,60.99,4.39,0.48,56.83,0.229999999999997,56.6
"152",2024-03-19,56.59,56.59,"","",0,2024,3,"Mar","2024",171,27.99,60.99,4.4,0.48,56.83,0.239999999999995,56.59
"153",2024-03-20,56.58,56.58,"","",0,2024,3,"Mar","2024",172,27.99,60.99,4.41,0.22,56.8,0.219999999999999,56.58
"154",2024-03-21,56.57,56.57,"","",0,2024,3,"Mar","2024",173,27.99,60.99,4.42,0,56.79,0.219999999999999,56.57
"155",2024-03-22,56.54,56.54,"","",0.14,2024,3,"Mar","2024",174,28.13,60.99,4.45,0.14,56.88,0.340000000000003,56.54
"156",2024-03-23,56.51,56.51,"","",0.82,2024,3,"Mar","2024",175,28.95,60.99,4.48,0.96,56.94,0.43,56.51
"157",2024-03-24,56.49,56.49,"","",0.35,2024,3,"Mar","2024",176,29.3,60.99,4.5,1.31,56.82,0.329999999999998,56.49
"158",2024-03-25,56.48,56.48,"","",0,2024,3,"Mar","2024",177,29.3,60.99,4.51000000000001,1.31,56.74,0.260000000000005,56.48
"159",2024-03-26,56.48,56.48,"","",0,2024,3,"Mar","2024",178,29.3,60.99,4.51000000000001,1.31,56.73,0.25,56.48
"160",2024-03-27,56.47,56.47,"","",0,2024,3,"Mar","2024",179,29.3,60.99,4.52,1.31,56.74,0.270000000000003,56.47
"161",2024-03-28,56.46,56.46,"","",0.03,2024,3,"Mar","2024",180,29.33,60.99,4.53,1.34,56.68,0.219999999999999,56.46
"162",2024-03-29,56.43,56.43,"","",1.45,2024,3,"Mar","2024",181,30.78,60.99,4.56,2.79,56.7,0.270000000000003,56.43
"163",2024-03-30,56.3,56.3,"","",0.97,2024,3,"Mar","2024",182,31.75,60.99,4.69,3.76,56.75,0.450000000000003,56.3
"164",2024-03-31,56.2,56.2,"","",0.86,2024,3,"Mar","2024",183,32.61,60.99,4.79,4.62,56.64,0.439999999999998,56.2
"165",2024-04-01,56.18,56.18,"","",0,2024,4,"Apr","2024",184,32.61,60.99,4.81,4.62,56.6,0.420000000000002,56.18
"166",2024-04-02,56.24,56.24,"","",0,2024,4,"Apr","2024",185,32.61,60.99,4.75,4.62,56.59,0.350000000000001,56.24
"167",2024-04-03,56.24,56.24,"","",0,2024,4,"Apr","2024",186,32.61,60.99,4.75,4.62,56.58,0.339999999999996,56.24
"168",2024-04-04,56.24,56.24,"","",0.26,2024,4,"Apr","2024",187,32.87,60.99,4.75,4.88,56.57,0.329999999999998,56.24
"169",2024-04-05,56.25,56.25,"","",0.29,2024,4,"Apr","2024",188,33.16,60.99,4.74,5.03,56.54,0.289999999999999,56.25
"170",2024-04-06,56.28,56.28,"","",0,2024,4,"Apr","2024",189,33.16,60.99,4.71,4.21,56.51,0.229999999999997,56.28
"171",2024-04-07,56.28,56.28,"","",0,2024,4,"Apr","2024",190,33.16,60.99,4.71,3.86,56.49,0.210000000000001,56.28
"172",2024-04-08,56.29,56.29,"","",0,2024,4,"Apr","2024",191,33.16,60.99,4.7,3.86,56.48,0.189999999999998,56.29
"173",2024-04-09,56.38,56.38,"","",0,2024,4,"Apr","2024",192,33.16,60.99,4.61,3.86,56.48,0.0999999999999943,56.38
"174",2024-04-10,56.39,56.39,"","",0,2024,4,"Apr","2024",193,33.16,60.99,4.6,3.86,56.47,0.0799999999999983,56.39
"175",2024-04-11,56.28,56.28,"","",0,2024,4,"Apr","2024",194,33.16,60.99,4.71,3.83,56.46,0.18,56.28
"176",2024-04-12,56.34,56.34,"","",0,2024,4,"Apr","2024",195,33.16,60.99,4.65,2.38,56.43,0.0899999999999963,56.34
"177",2024-04-13,56.34,56.34,"","",1.45,2024,4,"Apr","2024",196,34.61,60.99,4.65,2.86,56.3,-0.0400000000000063,56.34
"178",2024-04-14,56.18,56.18,"","",0.67,2024,4,"Apr","2024",197,35.28,60.99,4.81,2.67,56.2,0.0200000000000031,56.18
"179",2024-04-15,56.14,56.14,"","",0,2024,4,"Apr","2024",198,35.28,60.99,4.85,2.67,56.18,0.0399999999999991,56.14
"180",2024-04-16,56.17,56.17,"","",0,2024,4,"Apr","2024",199,35.28,60.99,4.82,2.67,56.24,0.0700000000000003,56.17
"181",2024-04-17,56.19,56.19,"","",0,2024,4,"Apr","2024",200,35.28,60.99,4.8,2.67,56.24,0.0500000000000043,56.19
"182",2024-04-18,56.19,56.19,"","",0,2024,4,"Apr","2024",201,35.28,60.99,4.8,2.41,56.24,0.0500000000000043,56.19
"183",2024-04-19,56.19,56.19,"","",0.01,2024,4,"Apr","2024",202,35.29,60.99,4.8,2.13,56.25,0.0600000000000023,56.19
"184",2024-04-20,56.19,56.19,"","",0,2024,4,"Apr","2024",203,35.29,60.99,4.8,2.13,56.28,0.0900000000000034,56.19
"185",2024-04-21,56.18,56.18,"","",0,2024,4,"Apr","2024",204,35.29,60.99,4.81,2.13,56.28,0.100000000000001,56.18
"186",2024-04-22,56.2,56.2,"","",0.01,2024,4,"Apr","2024",205,35.3,60.99,4.79,2.14,56.29,0.0899999999999963,56.2
"187",2024-04-23,56.21,56.21,"","",0,2024,4,"Apr","2024",206,35.3,60.99,4.78,2.14,56.38,0.170000000000002,56.21
"188",2024-04-24,56.21,56.21,"","",0,2024,4,"Apr","2024",207,35.3,60.99,4.78,2.14,56.39,0.18,56.21
"189",2024-04-25,56.22,56.22,"","",0,2024,4,"Apr","2024",208,35.3,60.99,4.77,2.14,56.28,0.0600000000000023,56.22
"190",2024-04-26,56.21,56.21,"","",0.01,2024,4,"Apr","2024",209,35.31,60.99,4.78,2.15,56.34,0.130000000000003,56.21
"191",2024-04-27,56.25,56.25,"","",0,2024,4,"Apr","2024",210,35.31,60.99,4.74,0.7,56.34,0.0900000000000034,56.25
"192",2024-04-28,56.23,56.23,"","",0,2024,4,"Apr","2024",211,35.31,60.99,4.76000000000001,0.03,56.18,-0.0499999999999972,56.23
"193",2024-04-29,56.23,56.23,"","",0,2024,4,"Apr","2024",212,35.31,60.99,4.76000000000001,0.03,56.14,-0.0899999999999963,56.23
"194",2024-04-30,56.35,56.35,"","",0,2024,4,"Apr","2024",213,35.31,60.99,4.64,0.03,56.17,-0.18,56.35
"195",2024-05-01,56.32,56.32,"","",0,2024,5,"May","2024",214,35.31,60.99,4.67,0.03,56.19,-0.130000000000003,56.32
"196",2024-05-02,56.24,56.24,"","",0,2024,5,"May","2024",215,35.31,60.99,4.75,0.03,56.19,-0.0500000000000043,56.24
"197",2024-05-03,56.24,56.24,"","",0,2024,5,"May","2024",216,35.31,60.99,4.75,0.02,56.19,-0.0500000000000043,56.24
"198",2024-05-04,56.23,56.23,"","",0.42,2024,5,"May","2024",217,35.73,60.99,4.76000000000001,0.44,56.19,-0.0399999999999991,56.23
"199",2024-05-05,56.23,56.23,"","",0,2024,5,"May","2024",218,35.73,60.99,4.76000000000001,0.44,56.18,-0.0499999999999972,56.23
"200",2024-05-06,56.37,56.37,"","",0,2024,5,"May","2024",219,35.73,60.99,4.62,0.43,56.2,-0.169999999999995,56.37
"201",2024-05-07,56.37,56.37,"","",0,2024,5,"May","2024",220,35.73,60.99,4.62,0.43,56.21,-0.159999999999997,56.37
"202",2024-05-08,56.33,56.33,"","",0,2024,5,"May","2024",221,35.73,60.99,4.66,0.43,56.21,-0.119999999999997,56.33
"203",2024-05-09,56.43,56.43,"","",0,2024,5,"May","2024",222,35.73,60.99,4.56,0.43,56.22,-0.210000000000001,56.43
"204",2024-05-10,56.42,56.42,"","",0,2024,5,"May","2024",223,35.73,60.99,4.57,0.42,56.21,-0.210000000000001,56.42
"205",2024-05-11,56.32,56.32,"","",0,2024,5,"May","2024",224,35.73,60.99,4.67,0.42,56.25,-0.0700000000000003,56.32
"206",2024-05-12,56.3,56.3,"","",0,2024,5,"May","2024",225,35.73,60.99,4.69,0.42,56.23,-0.0700000000000003,56.3
"207",2024-05-13,56.3,56.3,"","",0,2024,5,"May","2024",226,35.73,60.99,4.69,0.42,56.23,-0.0700000000000003,56.3
"208",2024-05-14,56.23,56.23,"","",0,2024,5,"May","2024",227,35.73,60.99,4.76000000000001,0.42,56.35,0.120000000000005,56.23
"209",2024-05-15,56.23,56.23,"","",0,2024,5,"May","2024",228,35.73,60.99,4.76000000000001,0.42,56.32,0.0900000000000034,56.23
"210",2024-05-16,56.23,56.23,"","",0,2024,5,"May","2024",229,35.73,60.99,4.76000000000001,0.42,56.24,0.0100000000000051,56.23
"211",2024-05-17,56.23,56.23,"","",0,2024,5,"May","2024",230,35.73,60.99,4.76000000000001,0.42,56.24,0.0100000000000051,56.23
"212",2024-05-18,56.24,56.24,"","",0,2024,5,"May","2024",231,35.73,60.99,4.75,0,56.23,-0.0100000000000051,56.24
"213",2024-05-19,56.24,56.24,"","",0,2024,5,"May","2024",232,35.73,60.99,4.75,0,56.23,-0.0100000000000051,56.24
"214",2024-05-20,56.24,56.24,"","",0,2024,5,"May","2024",233,35.73,60.99,4.75,0,56.37,0.129999999999995,56.24
"215",2024-05-21,56.24,56.24,"","",0,2024,5,"May","2024",234,35.73,60.99,4.75,0,56.37,0.129999999999995,56.24
"216",2024-05-22,56.25,56.25,"","",0,2024,5,"May","2024",235,35.73,60.99,4.74,0,56.33,0.0799999999999983,56.25
"217",2024-05-23,56.25,56.25,"","",0,2024,5,"May","2024",236,35.73,60.99,4.74,0,56.43,0.18,56.25
"218",2024-05-24,56.26,56.26,"","",0.01,2024,5,"May","2024",237,35.74,60.99,4.73,0.01,56.42,0.160000000000004,56.26
"219",2024-05-25,56.27,56.27,"","",0.03,2024,5,"May","2024",238,35.77,60.99,4.72,0.04,56.32,0.0499999999999972,56.27
"220",2024-05-26,56.27,56.27,"","",0,2024,5,"May","2024",239,35.77,60.99,4.72,0.04,56.3,0.029999999999994,56.27
"221",2024-05-27,56.28,56.28,"","",0,2024,5,"May","2024",240,35.77,60.99,4.71,0.04,56.3,0.019999999999996,56.28
"222",2024-05-28,56.28,56.28,"","",0,2024,5,"May","2024",241,35.77,60.99,4.71,0.04,56.23,-0.0500000000000043,56.28
"223",2024-05-29,56.37,56.37,"","",0,2024,5,"May","2024",242,35.77,60.99,4.62,0.04,56.23,-0.140000000000001,56.37
"224",2024-05-30,56.29,56.29,"","",0,2024,5,"May","2024",243,35.77,60.99,4.7,0.04,56.23,-0.0600000000000023,56.29
"225",2024-05-31,56.3,56.3,"","",0,2024,5,"May","2024",244,35.77,60.99,4.69,0.04,56.23,-0.0700000000000003,56.3
"226",2024-06-01,56.28,56.28,"","",0,2024,6,"Jun","2024",245,35.77,60.99,4.71,0.04,56.24,-0.0399999999999991,56.28
"227",2024-06-02,56.29,56.29,"","",0,2024,6,"Jun","2024",246,35.77,60.99,4.7,0.04,56.24,-0.0499999999999972,56.29
"228",2024-06-03,56.33,56.33,"","",0,2024,6,"Jun","2024",247,35.77,60.99,4.66,0.04,56.24,-0.0899999999999963,56.33
"229",2024-06-04,56.33,56.33,"","",0,2024,6,"Jun","2024",248,35.77,60.99,4.66,0.04,56.24,-0.0899999999999963,56.33
"230",2024-06-05,56.31,56.31,"","",0,2024,6,"Jun","2024",249,35.77,60.99,4.68,0.04,56.25,-0.0600000000000023,56.31
"231",2024-06-06,56.31,56.31,"","",0,2024,6,"Jun","2024",250,35.77,60.99,4.68,0.04,56.25,-0.0600000000000023,56.31
"232",2024-06-07,56.31,56.31,"","",0,2024,6,"Jun","2024",251,35.77,60.99,4.68,0.03,56.26,-0.0500000000000043,56.31
"233",2024-06-08,56.32,56.32,"","",0.01,2024,6,"Jun","2024",252,35.78,60.99,4.67,0.01,56.27,-0.0499999999999972,56.32
"234",2024-06-09,56.32,56.32,"","",0,2024,6,"Jun","2024",253,35.78,60.99,4.67,0.01,56.27,-0.0499999999999972,56.32
"235",2024-06-10,56.34,56.34,"","",0,2024,6,"Jun","2024",254,35.78,60.99,4.65,0.01,56.28,-0.0600000000000023,56.34
"236",2024-06-11,56.34,56.34,"","",0,2024,6,"Jun","2024",255,35.78,60.99,4.65,0.01,56.28,-0.0600000000000023,56.34
"237",2024-06-12,56.41,56.41,"","",0,2024,6,"Jun","2024",256,35.78,60.99,4.58000000000001,0.01,56.37,-0.0399999999999991,56.41
"238",2024-06-13,56.24,56.24,"","",0.07,2024,6,"Jun","2024",257,35.85,60.99,4.75,0.08,56.29,0.0499999999999972,56.24
"239",2024-06-14,56.14,56.14,"","",0,2024,6,"Jun","2024",258,35.85,60.99,4.85,0.08,56.3,0.159999999999997,56.14
"240",2024-06-15,56.19,56.19,"","",0,2024,6,"Jun","2024",259,35.85,60.99,4.8,0.08,56.28,0.0900000000000034,56.19
"241",2024-06-16,56.26,56.26,"","",0,2024,6,"Jun","2024",260,35.85,60.99,4.73,0.08,56.29,0.0300000000000011,56.26
"242",2024-06-17,56.2,56.2,"","",0,2024,6,"Jun","2024",261,35.85,60.99,4.79,0.08,56.33,0.129999999999995,56.2
"243",2024-06-18,56.22,56.22,"","",0,2024,6,"Jun","2024",262,35.85,60.99,4.77,0.08,56.33,0.109999999999999,56.22
"244",2024-06-19,56.3,56.3,"","",0,2024,6,"Jun","2024",263,35.85,60.99,4.69,0.08,56.31,0.0100000000000051,56.3
"245",2024-06-20,56.31,56.31,"","",0,2024,6,"Jun","2024",264,35.85,60.99,4.68,0.08,56.31,0,56.31
"246",2024-06-21,56.24,56.24,"","",0,2024,6,"Jun","2024",265,35.85,60.99,4.75,0.08,56.31,0.0700000000000003,56.24
"247",2024-06-22,56.25,56.25,"","",0,2024,6,"Jun","2024",266,35.85,60.99,4.74,0.07,56.32,0.0700000000000003,56.25
"248",2024-06-23,56.27,56.27,"","",0,2024,6,"Jun","2024",267,35.85,60.99,4.72,0.07,56.32,0.0499999999999972,56.27
"249",2024-06-24,56.4,56.4,"","",0,2024,6,"Jun","2024",268,35.85,60.99,4.59,0.07,56.34,-0.0599999999999952,56.4
"250",2024-06-25,56.36,56.36,"","",0,2024,6,"Jun","2024",269,35.85,60.99,4.63,0.07,56.34,-0.019999999999996,56.36
"251",2024-06-26,56.33,56.33,"","",0,2024,6,"Jun","2024",270,35.85,60.99,4.66,0.07,56.41,0.0799999999999983,56.33
"252",2024-06-27,56.34,56.34,"","",0,2024,6,"Jun","2024",271,35.85,60.99,4.65,0,56.24,-0.100000000000001,56.34
"253",2024-06-28,56.34,56.34,"","",0,2024,6,"Jun","2024",272,35.85,60.99,4.65,0,56.14,-0.200000000000003,56.34
"254",2024-06-29,56.35,56.35,"","",0,2024,6,"Jun","2024",273,35.85,60.99,4.64,0,56.19,-0.160000000000004,56.35
"255",2024-06-30,56.36,56.36,"","",0,2024,6,"Jun","2024",274,35.85,60.99,4.63,0,56.26,-0.100000000000001,56.36
"256",2024-07-01,56.37,56.37,"","",0,2024,7,"Jul","2024",275,35.85,60.99,4.62,0,56.2,-0.169999999999995,56.37
"257",2024-07-02,56.38,56.38,"","",0,2024,7,"Jul","2024",276,35.85,60.99,4.61,0,56.22,-0.160000000000004,56.38
"258",2024-07-03,56.4,56.4,"","",0,2024,7,"Jul","2024",277,35.85,60.99,4.59,0,56.3,-0.100000000000001,56.4
"259",2024-07-04,56.43,56.43,"","",0,2024,7,"Jul","2024",278,35.85,60.99,4.56,0,56.31,-0.119999999999997,56.43
"260",2024-07-05,56.48,56.48,"","",0,2024,7,"Jul","2024",279,35.85,60.99,4.51000000000001,0,56.24,-0.239999999999995,56.48
"261",2024-07-06,56.49,56.49,"","",0,2024,7,"Jul","2024",280,35.85,60.99,4.5,0,56.25,-0.240000000000002,56.49
"262",2024-07-07,56.46,56.46,"","",0,2024,7,"Jul","2024",281,35.85,60.99,4.53,0,56.27,-0.189999999999998,56.46
"263",2024-07-08,56.47,56.47,"","",0,2024,7,"Jul","2024",282,35.85,60.99,4.52,0,56.4,-0.0700000000000003,56.47
"264",2024-07-09,56.48,56.48,"","",0,2024,7,"Jul","2024",283,35.85,60.99,4.51000000000001,0,56.36,-0.119999999999997,56.48
"265",2024-07-10,56.5,56.5,"","",0,2024,7,"Jul","2024",284,35.85,60.99,4.49,0,56.33,-0.170000000000002,56.5
"266",2024-07-11,56.52,56.52,"","",0,2024,7,"Jul","2024",285,35.85,60.99,4.47,0,56.34,-0.18,56.52
"267",2024-07-12,56.54,56.54,"","",0,2024,7,"Jul","2024",286,35.85,60.99,4.45,0,56.34,-0.199999999999996,56.54
"268",2024-07-13,56.56,56.56,"","",0,2024,7,"Jul","2024",287,35.85,60.99,4.43,0,56.35,-0.210000000000001,56.56
"269",2024-07-14,56.55,56.55,"","",0,2024,7,"Jul","2024",288,35.85,60.99,4.44,0,56.36,-0.189999999999998,56.55
"270",2024-07-15,56.56,56.56,"","",0,2024,7,"Jul","2024",289,35.85,60.99,4.43,0,56.37,-0.190000000000005,56.56
"271",2024-07-16,56.58,56.58,"","",0,2024,7,"Jul","2024",290,35.85,60.99,4.41,0,56.38,-0.199999999999996,56.58
"272",2024-07-17,56.59,56.59,"","",0,2024,7,"Jul","2024",291,35.85,60.99,4.4,0,56.4,-0.190000000000005,56.59
"273",2024-07-18,56.62,56.62,"","",0,2024,7,"Jul","2024",292,35.85,60.99,4.37,0,56.43,-0.189999999999998,56.62
"274",2024-07-19,56.64,56.64,"","",0,2024,7,"Jul","2024",293,35.85,60.99,4.35,0,56.48,-0.160000000000004,56.64
"275",2024-07-20,56.65,56.65,"","",0,2024,7,"Jul","2024",294,35.85,60.99,4.34,0,56.49,-0.159999999999997,56.65
"276",2024-07-21,56.68,56.68,"","",0,2024,7,"Jul","2024",295,35.85,60.99,4.31,0,56.46,-0.219999999999999,56.68
"277",2024-07-22,56.84,56.84,"","",0,2024,7,"Jul","2024",296,35.85,60.99,4.15,0,56.47,-0.370000000000005,56.84
"278",2024-07-23,56.76,56.76,"","",0,2024,7,"Jul","2024",297,35.85,60.99,4.23,0,56.48,-0.280000000000001,56.76
"279",2024-07-24,56.8,56.8,"","",0,2024,7,"Jul","2024",298,35.85,60.99,4.19,0,56.5,-0.299999999999997,56.8
"280",2024-07-25,56.88,56.88,"","",0,2024,7,"Jul","2024",299,35.85,60.99,4.11,0,56.52,-0.359999999999999,56.88
"281",2024-07-26,56.95,56.95,"","",0,2024,7,"Jul","2024",300,35.85,60.99,4.04,0,56.54,-0.410000000000004,56.95
"282",2024-07-27,57,57,"","",0,2024,7,"Jul","2024",301,35.85,60.99,3.99,0,56.56,-0.439999999999998,57
"283",2024-07-28,57.02,57.02,"","",0,2024,7,"Jul","2024",302,35.85,60.99,3.97,0,56.55,-0.470000000000006,57.02
"284",2024-07-29,57.02,57.02,"","",0,2024,7,"Jul","2024",303,35.85,60.99,3.97,0,56.56,-0.460000000000001,57.02
"285",2024-07-30,57.03,57.03,"","",0,2024,7,"Jul","2024",304,35.85,60.99,3.96,0,56.58,-0.450000000000003,57.03
"286",2024-07-31,57.11,57.11,"","",0,2024,7,"Jul","2024",305,35.85,60.99,3.88,0,56.59,-0.519999999999996,57.11
"287",2024-08-01,57.11,57.11,"","",0,2024,8,"Aug","2024",306,35.85,60.99,3.88,0,56.62,-0.490000000000002,57.11
"288",2024-08-02,57.15,57.15,"","",0,2024,8,"Aug","2024",307,35.85,60.99,3.84,0,56.64,-0.509999999999998,57.15
"289",2024-08-03,57.21,57.21,"","",0,2024,8,"Aug","2024",308,35.85,60.99,3.78,0,56.65,-0.560000000000002,57.21
"290",2024-08-04,57.31,57.31,"","",0,2024,8,"Aug","2024",309,35.85,60.99,3.68,0,56.68,-0.630000000000003,57.31
"291",2024-08-05,57.27,57.27,"","",0,2024,8,"Aug","2024",310,35.85,60.99,3.72,0,56.84,-0.43,57.27
"292",2024-08-06,57.33,57.33,"","",0.03,2024,8,"Aug","2024",311,35.88,60.99,3.66,0.03,56.76,-0.57,57.33
"293",2024-08-07,57.38,57.38,"","",0,2024,8,"Aug","2024",312,35.88,60.99,3.61,0.03,56.8,-0.580000000000005,57.38
"294",2024-08-08,57.35,57.35,"","",0,2024,8,"Aug","2024",313,35.88,60.99,3.64,0.03,56.88,-0.469999999999999,57.35
"295",2024-08-09,57.38,57.38,"","",0,2024,8,"Aug","2024",314,35.88,60.99,3.61,0.03,56.95,-0.43,57.38
"296",2024-08-10,57.42,57.42,"","",0,2024,8,"Aug","2024",315,35.88,60.99,3.57,0.03,57,-0.420000000000002,57.42
"297",2024-08-11,57.47,57.47,"","",0,2024,8,"Aug","2024",316,35.88,60.99,3.52,0.03,57.02,-0.449999999999996,57.47
"298",2024-08-12,57.51,57.51,"","",0,2024,8,"Aug","2024",317,35.88,60.99,3.48,0.03,57.02,-0.489999999999995,57.51
"299",2024-08-13,57.55,57.55,"","",0,2024,8,"Aug","2024",318,35.88,60.99,3.44,0.03,57.03,-0.519999999999996,57.55
"300",2024-08-14,57.63,57.63,"","",0,2024,8,"Aug","2024",319,35.88,60.99,3.36,0.03,57.11,-0.520000000000003,57.63
"301",2024-08-15,57.63,57.63,"","",0,2024,8,"Aug","2024",320,35.88,60.99,3.36,0.03,57.11,-0.520000000000003,57.63
"302",2024-08-16,57.69,57.69,"","",0,2024,8,"Aug","2024",321,35.88,60.99,3.3,0.03,57.15,-0.539999999999999,57.69
"303",2024-08-17,57.74,57.74,"","",0,2024,8,"Aug","2024",322,35.88,60.99,3.25,0.03,57.21,-0.530000000000001,57.74
"304",2024-08-18,57.77,57.77,"","",0,2024,8,"Aug","2024",323,35.88,60.99,3.22,0.03,57.31,-0.460000000000001,57.77
"305",2024-08-19,57.81,57.81,"","",0,2024,8,"Aug","2024",324,35.88,60.99,3.18,0.03,57.27,-0.539999999999999,57.81
"306",2024-08-20,57.84,57.84,"","",0,2024,8,"Aug","2024",325,35.88,60.99,3.15,0,57.33,-0.510000000000005,57.84
"307",2024-08-21,57.98,57.98,"","",0,2024,8,"Aug","2024",326,35.88,60.99,3.01000000000001,0,57.38,-0.599999999999994,57.98
"308",2024-08-22,57.95,57.95,"","",0,2024,8,"Aug","2024",327,35.88,60.99,3.04,0,57.35,-0.600000000000001,57.95
"309",2024-08-23,58,58,"","",0,2024,8,"Aug","2024",328,35.88,60.99,2.99,0,57.38,-0.619999999999997,58
"310",2024-08-24,58.03,58.03,"","",0,2024,8,"Aug","2024",329,35.88,60.99,2.96,0,57.42,-0.609999999999999,58.03
"311",2024-08-25,58.1,58.1,"","",0,2024,8,"Aug","2024",330,35.88,60.99,2.89,0,57.47,-0.630000000000003,58.1
"312",2024-08-26,58.1,58.1,"","",0,2024,8,"Aug","2024",331,35.88,60.99,2.89,0,57.51,-0.590000000000003,58.1
"313",2024-08-27,58.14,58.14,"","",0,2024,8,"Aug","2024",332,35.88,60.99,2.85,0,57.55,-0.590000000000003,58.14
"314",2024-08-28,58.23,58.23,"","",0,2024,8,"Aug","2024",333,35.88,60.99,2.76000000000001,0,57.63,-0.599999999999994,58.23
"315",2024-08-29,58.34,58.34,"","",0,2024,8,"Aug","2024",334,35.88,60.99,2.65,0,57.63,-0.710000000000001,58.34
"316",2024-08-30,58.33,58.33,"","",0,2024,8,"Aug","2024",335,35.88,60.99,2.66,0,57.69,-0.640000000000001,58.33
"317",2024-08-31,58.18,58.18,"","",0,2024,8,"Aug","2024",336,35.88,60.99,2.81,0,57.74,-0.439999999999998,58.18
"318",2024-09-01,58.18,58.18,"","",0,2024,9,"Sep","2024",337,35.88,60.99,2.81,0,57.77,-0.409999999999997,58.18
"319",2024-09-02,58.19,58.19,"","",0,2024,9,"Sep","2024",338,35.88,60.99,2.8,0,57.81,-0.379999999999995,58.19
"320",2024-09-03,58.21,58.21,"","",0,2024,9,"Sep","2024",339,35.88,60.99,2.78,0,57.84,-0.369999999999997,58.21
"321",2024-09-04,58.24,58.24,"","",0,2024,9,"Sep","2024",340,35.88,60.99,2.75,0,57.98,-0.260000000000005,58.24
"322",2024-09-05,58.28,58.28,"","",0,2024,9,"Sep","2024",341,35.88,60.99,2.71,0,57.95,-0.329999999999998,58.28
"323",2024-09-06,58.32,58.32,"","",0,2024,9,"Sep","2024",342,35.88,60.99,2.67,0,58,-0.32,58.32
"324",2024-09-07,58.4,58.4,"","",0,2024,9,"Sep","2024",343,35.88,60.99,2.59,0,58.03,-0.369999999999997,58.4
"325",2024-09-08,58.47,58.47,"","",0,2024,9,"Sep","2024",344,35.88,60.99,2.52,0,58.1,-0.369999999999997,58.47
"326",2024-09-09,58.56,58.56,"","",0,2024,9,"Sep","2024",345,35.88,60.99,2.43,0,58.1,-0.460000000000001,58.56
"327",2024-09-10,58.62,58.62,"","",0,2024,9,"Sep","2024",346,35.88,60.99,2.37,0,58.14,-0.479999999999997,58.62
"328",2024-09-11,58.64,58.64,"","",0.01,2024,9,"Sep","2024",347,35.89,60.99,2.35,0.01,58.23,-0.410000000000004,58.64
"329",2024-09-12,58.69,58.69,"","",0,2024,9,"Sep","2024",348,35.89,60.99,2.3,0.01,58.34,-0.349999999999994,58.69
"330",2024-09-13,58.64,58.64,"","",0,2024,9,"Sep","2024",349,35.89,60.99,2.35,0.01,58.33,-0.310000000000002,58.64
"331",2024-09-14,58.65,58.65,"","",0.01,2024,9,"Sep","2024",350,35.9,60.99,2.34,0.02,58.18,-0.469999999999999,58.65
"332",2024-09-15,58.6,58.6,"","",0,2024,9,"Sep","2024",351,35.9,60.99,2.39,0.02,58.18,-0.420000000000002,58.6
"333",2024-09-16,58.58,58.58,"","",0,2024,9,"Sep","2024",352,35.9,60.99,2.41,0.02,58.19,-0.390000000000001,58.58
"334",2024-09-17,58.58,58.58,"","",0,2024,9,"Sep","2024",353,35.9,60.99,2.41,0.02,58.21,-0.369999999999997,58.58
"335",2024-09-18,58.56,58.56,"","",0,2024,9,"Sep","2024",354,35.9,60.99,2.43,0.02,58.24,-0.32,58.56
"336",2024-09-19,58.55,58.55,"","",0,2024,9,"Sep","2024",355,35.9,60.99,2.44,0.02,58.28,-0.269999999999996,58.55
"337",2024-09-20,58.54,58.54,"","",0,2024,9,"Sep","2024",356,35.9,60.99,2.45,0.02,58.32,-0.219999999999999,58.54
"338",2024-09-21,58.53,58.53,"","",0,2024,9,"Sep","2024",357,35.9,60.99,2.46,0.02,58.4,-0.130000000000003,58.53
"339",2024-09-22,58.51,58.51,"","",0,2024,9,"Sep","2024",358,35.9,60.99,2.48,0.02,58.47,-0.0399999999999991,58.51
"340",2024-09-23,58.52,58.52,"","",0,2024,9,"Sep","2024",359,35.9,60.99,2.47,0.02,58.56,0.0399999999999991,58.52
"341",2024-09-24,58.65,58.65,"","",0,2024,9,"Sep","2024",360,35.9,60.99,2.34,0.02,58.62,-0.0300000000000011,58.65
"342",2024-09-25,58.49,58.49,"","",0.01,2024,9,"Sep","2024",361,35.91,60.99,2.5,0.02,58.64,0.149999999999999,58.49
"343",2024-09-26,58.48,58.48,"","",0,2024,9,"Sep","2024",362,35.91,60.99,2.51000000000001,0.02,58.69,0.210000000000001,58.48
"344",2024-09-27,58.47,58.47,"","",0.01,2024,9,"Sep","2024",363,35.92,60.99,2.52,0.03,58.64,0.170000000000002,58.47
"345",2024-09-28,58.47,58.47,"","",0.01,2024,9,"Sep","2024",364,35.93,60.99,2.52,0.03,58.65,0.18,58.47
"346",2024-09-29,58.45,58.45,"","",0,2024,9,"Sep","2024",365,35.93,60.99,2.54,0.03,58.6,0.149999999999999,58.45
"347",2024-09-30,58.43,58.43,"","",0,2024,9,"Sep","2024",366,35.93,60.99,2.56,0.03,58.58,0.149999999999999,58.43
"348",2024-10-01,58.51,58.51,"","",0,2024,10,"Oct","2025",1,0,58.51,0,0.03,58.58,0.0700000000000003,58.51
"349",2024-10-02,58.61,58.61,"","",0,2024,10,"Oct","2025",2,0,58.51,-0.100000000000001,0.03,58.56,-0.0499999999999972,58.61
"350",2024-10-03,58.62,58.62,"","",0,2024,10,"Oct","2025",3,0,58.51,-0.109999999999999,0.03,58.55,-0.0700000000000003,58.62
"351",2024-10-04,58.55,58.55,"","",0,2024,10,"Oct","2025",4,0,58.51,-0.0399999999999991,0.03,58.54,-0.00999999999999801,58.55
"352",2024-10-05,58.59,58.59,"","",0,2024,10,"Oct","2025",5,0,58.51,-0.0800000000000054,0.03,58.53,-0.0600000000000023,58.59
"353",2024-10-24,59.04,59.04,"","",0,2024,10,"Oct","2025",24,0.02,58.51,-0.530000000000001,0.03,58.51,-0.530000000000001,59.04
"354",2024-10-25,58.98,58.98,"","",0,2024,10,"Oct","2025",25,0.02,58.51,-0.469999999999999,0.03,58.52,-0.459999999999994,58.98
"355",2024-10-26,58.97,58.97,"","",0,2024,10,"Oct","2025",26,0.02,58.51,-0.460000000000001,0.03,58.65,-0.32,58.97
"356",2024-10-27,59,59,"","",0,2024,10,"Oct","2025",27,0.02,58.51,-0.490000000000002,0.02,58.49,-0.509999999999998,59
"357",2024-10-28,59.24,59.24,"","",0,2024,10,"Oct","2025",28,0.02,58.51,-0.730000000000004,0.02,58.48,-0.760000000000005,59.24
"358",2024-10-29,59.2,59.2,"","",0,2024,10,"Oct","2025",29,0.02,58.51,-0.690000000000005,0.01,58.47,-0.730000000000004,59.2
"359",2024-10-30,59.2,59.2,"","",0,2024,10,"Oct","2025",30,0.02,58.51,-0.690000000000005,0,58.47,-0.730000000000004,59.2
"360",2024-10-31,59.19,59.19,"","",0,2024,10,"Oct","2025",31,0.02,58.51,-0.68,0,58.45,-0.739999999999995,59.19
"361",2024-11-01,59.19,59.19,"","",0,2024,11,"Nov","2025",32,0.02,58.51,-0.68,0,58.43,-0.759999999999998,59.19
"362",2024-11-02,59.17,59.17,"","",0.09,2024,11,"Nov","2025",33,0.11,58.51,-0.660000000000004,0.09,58.51,-0.660000000000004,59.17
"363",2024-11-03,59.14,59.14,"","",0,2024,11,"Nov","2025",34,0.11,58.51,-0.630000000000003,0.09,58.61,-0.530000000000001,59.14
"364",2024-11-04,59.24,59.24,"","",0,2024,11,"Nov","2025",35,0.11,58.51,-0.730000000000004,0.09,58.62,-0.620000000000005,59.24
"365",2024-11-05,59.13,59.13,"","",0,2024,11,"Nov","2025",36,0.11,58.51,-0.620000000000005,0.09,58.55,-0.580000000000005,59.13
"366",2024-11-06,59.15,59.15,"","",0,2024,11,"Nov","2025",37,0.11,58.51,-0.640000000000001,0.09,58.59,-0.559999999999995,59.15
"367",2024-11-07,59.17,59.17,"","",0,2024,11,"Nov","2025",38,0.11,58.51,-0.660000000000004,0.09,59.04,-0.130000000000003,59.17
"368",2024-11-08,59.18,59.18,"","",0,2024,11,"Nov","2025",39,0.11,58.51,-0.670000000000002,0.09,58.98,-0.200000000000003,59.18
"369",2024-11-22,3.42,59.17,"A1","B1",0.01,2024,11,"Nov","2025",53,0.2,58.51,-0.660000000000004,0.1,58.97,-0.200000000000003,59.17
"370",2024-11-23,3.28,59.03,"A1","B1",0.34,2024,11,"Nov","2025",54,0.54,58.51,-0.520000000000003,0.44,59,-0.0300000000000011,59.03
"371",2024-11-24,2.98,58.73,"A1","B1",0.01,2024,11,"Nov","2025",55,0.55,58.51,-0.219999999999999,0.45,59.24,0.510000000000005,58.73
"372",2024-11-25,2.86,58.61,"A1","B1",0.22,2024,11,"Nov","2025",56,0.77,58.51,-0.100000000000001,0.67,59.2,0.590000000000003,58.61
"373",2024-11-26,2.7,58.45,"A1","B1",0.41,2024,11,"Nov","2025",57,1.18,58.51,0.0599999999999952,1.08,59.2,0.75,58.45
"374",2024-11-27,2.56,58.31,"A1","B1",0,2024,11,"Nov","2025",58,1.18,58.51,0.199999999999996,1.08,59.19,0.879999999999995,58.31
"375",2024-11-28,2.41,58.16,"A1","B1",0.01,2024,11,"Nov","2025",59,1.19,58.51,0.350000000000001,1.09,59.19,1.03,58.16
"376",2024-11-29,2.31,58.06,"A1","B1",0,2024,11,"Nov","2025",60,1.19,58.51,0.449999999999996,1,59.17,1.11,58.06
"377",2024-11-30,2.25,58,"A1","B1",0,2024,11,"Nov","2025",61,1.19,58.51,0.509999999999998,1,59.14,1.14,58
"378",2024-12-01,2.22,57.97,"A1","B1",0,2024,12,"Dec","2025",62,1.19,58.51,0.539999999999999,1,59.24,1.27,57.97
"379",2024-12-02,2.24,57.99,"A1","B1",0,2024,12,"Dec","2025",63,1.19,58.51,0.519999999999996,1,59.13,1.14,57.99
"380",2024-12-03,2.5,58.25,"A1","B1",0,2024,12,"Dec","2025",64,1.19,58.51,0.259999999999998,1,59.15,0.899999999999999,58.25
"381",2024-12-04,2.25,58,"A1","B1",0,2024,12,"Dec","2025",65,1.19,58.51,0.509999999999998,1,59.17,1.17,58
"382",2024-12-05,2.39,58.14,"A1","B1",0,2024,12,"Dec","2025",66,1.19,58.51,0.369999999999997,1,59.18,1.04,58.14
"383",2024-12-06,2.48,58.23,"A1","B1",0,2024,12,"Dec","2025",67,1.19,58.51,0.280000000000001,0.99,59.17,0.940000000000005,58.23
"384",2024-12-07,2.49,58.24,"A1","B1",0,2024,12,"Dec","2025",68,1.19,58.51,0.269999999999996,0.65,59.03,0.789999999999999,58.24
"385",2024-12-08,2.52,58.27,"A1","B1",0,2024,12,"Dec","2025",69,1.19,58.51,0.239999999999995,0.64,58.73,0.459999999999994,58.27
"386",2024-12-09,2.7,58.45,"A1","B1",0,2024,12,"Dec","2025",70,1.19,58.51,0.0599999999999952,0.42,58.61,0.159999999999997,58.45
"387",2024-12-10,2.73,58.48,"A1","B1",0,2024,12,"Dec","2025",71,1.19,58.51,0.0300000000000011,0.01,58.45,-0.029999999999994,58.48
"388",2024-12-11,2.62,58.37,"A1","B1",0,2024,12,"Dec","2025",72,1.19,58.51,0.140000000000001,0.01,58.31,-0.0599999999999952,58.37
"389",2024-12-12,2.65,58.4,"A1","B1",0.05,2024,12,"Dec","2025",73,1.24,58.51,0.109999999999999,0.05,58.16,-0.240000000000002,58.4
"390",2024-12-13,2.52,58.27,"A1","B1",0.02,2024,12,"Dec","2025",74,1.26,58.51,0.239999999999995,0.07,58.06,-0.210000000000001,58.27
"391",2024-12-14,2.5,58.25,"A1","B1",0.13,2024,12,"Dec","2025",75,1.39,58.51,0.259999999999998,0.2,58,-0.25,58.25
"392",2024-12-15,2.45,58.2,"A1","B1",0.01,2024,12,"Dec","2025",76,1.4,58.51,0.309999999999995,0.21,57.97,-0.230000000000004,58.2
"393",2024-12-16,2.4,58.15,"A1","B1",0,2024,12,"Dec","2025",77,1.4,58.51,0.359999999999999,0.21,57.99,-0.159999999999997,58.15
"394",2024-12-17,2.47,58.22,"A1","B1",0,2024,12,"Dec","2025",78,1.4,58.51,0.289999999999999,0.21,58.25,0.0300000000000011,58.22
"395",2024-12-18,2.49,58.24,"A1","B1",0,2024,12,"Dec","2025",79,1.4,58.51,0.269999999999996,0.21,58,-0.240000000000002,58.24
"396",2024-12-19,2.76,58.51,"A1","B1",0,2024,12,"Dec","2025",80,1.4,58.51,0,0.21,58.14,-0.369999999999997,58.51
"397",2024-12-20,2.57,58.32,"A1","B1",0,2024,12,"Dec","2025",81,1.4,58.51,0.189999999999998,0.21,58.23,-0.0900000000000034,58.32
"398",2024-12-21,2.56,58.31,"A1","B1",0,2024,12,"Dec","2025",82,1.4,58.51,0.199999999999996,0.21,58.24,-0.0700000000000003,58.31
"399",2024-12-22,2.78,58.53,"A1","B1",0,2024,12,"Dec","2025",83,1.4,58.51,-0.0200000000000031,0.21,58.27,-0.259999999999998,58.53
"400",2024-12-23,2.72,58.47,"A1","B1",0,2024,12,"Dec","2025",84,1.4,58.51,0.0399999999999991,0.21,58.45,-0.019999999999996,58.47
"401",2024-12-24,2.43,58.18,"A1","B1",0.17,2024,12,"Dec","2025",85,1.57,58.51,0.329999999999998,0.38,58.48,0.299999999999997,58.18
"402",2024-12-25,2.68,58.43,"A1","B1",0,2024,12,"Dec","2025",86,1.57,58.51,0.0799999999999983,0.38,58.37,-0.0600000000000023,58.43
"403",2024-12-26,2.37,58.12,"A1","B1",0,2024,12,"Dec","2025",87,1.57,58.51,0.390000000000001,0.33,58.4,0.280000000000001,58.12
"404",2024-12-27,2.3,58.05,"A1","B1",0.28,2024,12,"Dec","2025",88,1.85,58.51,0.460000000000001,0.59,58.27,0.220000000000006,58.05
"405",2024-12-28,2.24,57.99,"A1","B1",0.01,2024,12,"Dec","2025",89,1.86,58.51,0.519999999999996,0.47,58.25,0.259999999999998,57.99
"406",2024-12-29,2.2,57.95,"A1","B1",0.01,2024,12,"Dec","2025",90,1.87,58.51,0.559999999999995,0.47,58.2,0.25,57.95
"407",2024-12-30,2.15,57.9,"A1","B1",0.01,2024,12,"Dec","2025",91,1.88,58.51,0.609999999999999,0.48,58.15,0.25,57.9
"408",2024-12-31,2.16,57.91,"A1","B1",0,2024,12,"Dec","2025",92,1.88,58.51,0.600000000000001,0.48,58.22,0.310000000000002,57.91
"409",2025-01-01,2.2,57.95,"A1","B1",0,2025,1,"Jan","2025",93,1.88,58.51,0.559999999999995,0.48,58.24,0.289999999999999,57.95
"410",2025-01-02,2.19,57.94,"A1","B1",0,2025,1,"Jan","2025",94,1.88,58.51,0.57,0.48,58.51,0.57,57.94
"411",2025-01-03,2.42,58.17,"A1","B1",0,2025,1,"Jan","2025",95,1.88,58.51,0.339999999999996,0.48,58.32,0.149999999999999,58.17
"412",2025-01-04,2.23,57.98,"A1","B1",0,2025,1,"Jan","2025",96,1.88,58.51,0.530000000000001,0.48,58.31,0.330000000000005,57.98
"413",2025-01-05,2.46,58.21,"A1","B1",0,2025,1,"Jan","2025",97,1.88,58.51,0.299999999999997,0.48,58.53,0.32,58.21
"414",2025-01-06,2.6,58.35,"A1","B1",0,2025,1,"Jan","2025",98,1.88,58.51,0.159999999999997,0.48,58.47,0.119999999999997,58.35
"415",2025-01-07,2.48,58.23,"A1","B1",0,2025,1,"Jan","2025",99,1.88,58.51,0.280000000000001,0.31,58.18,-0.0499999999999972,58.23
"416",2025-01-08,3.15,58.9,"A1","B1",0,2025,1,"Jan","2025",100,1.88,58.51,-0.390000000000001,0.31,58.43,-0.469999999999999,58.9
"417",2025-01-09,3.16,58.91,"A1","B1",0,2025,1,"Jan","2025",101,1.88,58.51,-0.399999999999999,0.31,58.12,-0.789999999999999,58.91
"418",2025-01-10,3.3,59.05,"A1","B1",0,2025,1,"Jan","2025",102,1.88,58.51,-0.539999999999999,0.03,58.05,-1,59.05
"419",2025-01-11,3.23,58.98,"A1","B1",0,2025,1,"Jan","2025",103,1.88,58.51,-0.469999999999999,0.02,57.99,-0.989999999999995,58.98
"420",2025-01-12,3.28,59.03,"A1","B1",0,2025,1,"Jan","2025",104,1.88,58.51,-0.520000000000003,0.01,57.95,-1.08,59.03
"421",2025-01-13,3.43,59.18,"A1","B1",0,2025,1,"Jan","2025",105,1.88,58.51,-0.670000000000002,0,57.9,-1.28,59.18
"422",2025-01-14,3.38,59.13,"A1","B1",0,2025,1,"Jan","2025",106,1.88,58.51,-0.620000000000005,0,57.91,-1.22000000000001,59.13
"423",2025-01-15,3.42,59.17,"A1","B1",0,2025,1,"Jan","2025",107,1.88,58.51,-0.660000000000004,0,57.95,-1.22,59.17
"424",2025-01-16,3.35,59.1,"A1","B1",0,2025,1,"Jan","2025",108,1.88,58.51,-0.590000000000003,0,57.94,-1.16,59.1
"425",2025-01-17,3.38,59.13,"A1","B1",0,2025,1,"Jan","2025",109,1.88,58.51,-0.620000000000005,0,58.17,-0.960000000000001,59.13
"426",2025-01-18,3.36,59.11,"A1","B1",0,2025,1,"Jan","2025",110,1.88,58.51,-0.600000000000001,0,57.98,-1.13,59.11
"427",2025-01-19,3.53,59.28,"A1","B1",0,2025,1,"Jan","2025",111,1.88,58.51,-0.770000000000003,0,58.21,-1.07,59.28
"428",2025-01-20,3.3,59.05,"A1","B1",0,2025,1,"Jan","2025",112,1.88,58.51,-0.539999999999999,0,58.35,-0.699999999999996,59.05
"429",2025-01-21,3.33,59.08,"A1","B1",0,2025,1,"Jan","2025",113,1.88,58.51,-0.57,0,58.23,-0.850000000000001,59.08
"430",2025-01-22,3.35,59.1,"A1","B1",0,2025,1,"Jan","2025",114,1.88,58.51,-0.590000000000003,0,58.9,-0.200000000000003,59.1
"431",2025-01-23,3.4,59.15,"A1","B1",0,2025,1,"Jan","2025",115,1.88,58.51,-0.640000000000001,0,58.91,-0.240000000000002,59.15
"432",2025-01-24,3.39,59.14,"A1","B1",0,2025,1,"Jan","2025",116,1.88,58.51,-0.630000000000003,0,59.05,-0.0900000000000034,59.14
"433",2025-01-25,3.36,59.11,"A1","B1",0.12,2025,1,"Jan","2025",117,2,58.51,-0.600000000000001,0.12,58.98,-0.130000000000003,59.11
"434",2025-01-26,3.37,59.12,"A1","B1",0.67,2025,1,"Jan","2025",118,2.67,58.51,-0.609999999999999,0.79,59.03,-0.0899999999999963,59.12
"435",2025-01-27,3.31,59.06,"A1","B1",0.01,2025,1,"Jan","2025",119,2.68,58.51,-0.550000000000004,0.8,59.18,0.119999999999997,59.06
"436",2025-01-28,3.49,59.24,"A1","B1",0,2025,1,"Jan","2025",120,2.68,58.51,-0.730000000000004,0.8,59.13,-0.109999999999999,59.24
"437",2025-01-29,3.28,59.03,"A1","B1",0.01,2025,1,"Jan","2025",121,2.69,58.51,-0.520000000000003,0.81,59.17,0.140000000000001,59.03
"438",2025-01-30,3.2,58.95,"A1","B1",0,2025,1,"Jan","2025",122,2.69,58.51,-0.440000000000005,0.81,59.1,0.149999999999999,58.95
"439",2025-01-31,2.97,58.72,"A1","B1",0,2025,1,"Jan","2025",123,2.69,58.51,-0.210000000000001,0.81,59.13,0.410000000000004,58.72
"440",2025-02-01,2.92,58.67,"A1","B1",0,2025,2,"Feb","2025",124,2.69,58.51,-0.160000000000004,0.81,59.11,0.439999999999998,58.67
"441",2025-02-02,2.9,58.65,"A1","B1",0,2025,2,"Feb","2025",125,2.69,58.51,-0.140000000000001,0.81,59.28,0.630000000000003,58.65
"442",2025-02-03,2.9,58.65,"A1","B1",0.01,2025,2,"Feb","2025",126,2.7,58.51,-0.140000000000001,0.82,59.05,0.399999999999999,58.65
"443",2025-02-04,2.87,58.62,"A1","B1",1.22,2025,2,"Feb","2025",127,3.92,58.51,-0.109999999999999,2.04,59.08,0.460000000000001,58.62
"444",2025-02-05,2.72,58.47,"A1","B1",0.34,2025,2,"Feb","2025",128,4.26,58.51,0.0399999999999991,2.38,59.1,0.630000000000003,58.47
"445",2025-02-06,2.49,58.24,"A1","B1",1.09,2025,2,"Feb","2025",129,5.35,58.51,0.269999999999996,3.47,59.15,0.909999999999997,58.24
"446",2025-02-07,2.23,57.98,"A1","B1",0.05,2025,2,"Feb","2025",130,5.4,58.51,0.530000000000001,3.52,59.14,1.16,57.98
"447",2025-02-08,2,57.75,"A1","B1",0,2025,2,"Feb","2025",131,5.4,58.51,0.759999999999998,3.4,59.11,1.36,57.75
"448",2025-02-09,1.88,57.63,"A1","B1",0,2025,2,"Feb","2025",132,5.4,58.51,0.879999999999995,2.73,59.12,1.48999999999999,57.63
"449",2025-02-10,1.82,57.57,"A1","B1",0,2025,2,"Feb","2025",133,5.4,58.51,0.939999999999998,2.72,59.06,1.49,57.57
"450",2025-02-11,1.76,57.51,"A1","B1",0.03,2025,2,"Feb","2025",134,5.43,58.51,1,2.75,59.24,1.73,57.51
"451",2025-02-12,1.73,57.48,"A1","B1",0.31,2025,2,"Feb","2025",135,5.74,58.51,1.03,3.05,59.03,1.55,57.48
"452",2025-02-13,1.56,57.31,"A1","B1",1.97,2025,2,"Feb","2025",136,7.71,58.51,1.2,5.02,58.95,1.64,57.31
"453",2025-02-14,1.29,57.04,"A1","B1",0.07,2025,2,"Feb","2025",137,7.78,58.51,1.47,5.09,58.72,1.68,57.04
"454",2025-02-15,1.02,56.77,"A1","B1",0,2025,2,"Feb","2025",138,7.78,58.51,1.73999999999999,5.09,58.67,1.9,56.77
"455",2025-02-16,0.98,56.73,"A1","B1",0,2025,2,"Feb","2025",139,7.78,58.51,1.78,5.09,58.65,1.92,56.73
"456",2025-02-17,0.99,56.74,"A1","B1",0,2025,2,"Feb","2025",140,7.78,58.51,1.77,5.08,58.65,1.91,56.74
"457",2025-02-18,0.99,56.74,"A1","B1",0,2025,2,"Feb","2025",141,7.78,58.51,1.77,3.86,58.62,1.88,56.74
"458",2025-02-19,1.33,57.08,"A1","B1",0,2025,2,"Feb","2025",142,7.78,58.51,1.43,3.52,58.47,1.39,57.08
"459",2025-02-20,1.05,56.8,"A1","B1",0,2025,2,"Feb","2025",143,7.78,58.51,1.71,2.43,58.24,1.44,56.8
"460",2025-02-21,1.36,57.11,"A1","B1",0,2025,2,"Feb","2025",144,7.78,58.51,1.4,2.38,57.98,0.869999999999997,57.11
"461",2025-02-22,1.32,57.07,"A1","B1",0,2025,2,"Feb","2025",145,7.78,58.51,1.44,2.38,57.75,0.68,57.07
"462",2025-02-23,1.08,56.83,"A1","B1",0,2025,2,"Feb","2025",146,7.78,58.51,1.68,2.38,57.63,0.800000000000004,56.83
"463",2025-02-24,0.97,56.72,"A1","B1",0,2025,2,"Feb","2025",147,7.78,58.51,1.79,2.38,57.57,0.850000000000001,56.72
"464",2025-02-25,1.13,56.88,"A1","B1",0,2025,2,"Feb","2025",148,7.78,58.51,1.63,2.35,57.51,0.629999999999995,56.88
"465",2025-02-26,1.11,56.86,"A1","B1",0,2025,2,"Feb","2025",149,7.78,58.51,1.65,2.04,57.48,0.619999999999997,56.86
"466",2025-02-27,0.94,56.69,"A1","B1",0,2025,2,"Feb","2025",150,7.78,58.51,1.82,0.07,57.31,0.620000000000005,56.69
"467",2025-02-28,0.98,56.73,"A1","B1",0,2025,2,"Feb","2025",151,7.78,58.51,1.78,0,57.04,0.310000000000002,56.73
"468",2025-03-01,1.01,56.76,"A1","B1",0,2025,3,"Mar","2025",152,7.78,58.51,1.75,0,56.77,0.0100000000000051,56.76
"469",2025-03-02,1.37,57.12,"A1","B1",0.16,2025,3,"Mar","2025",153,7.94,58.51,1.39,0.16,56.73,-0.390000000000001,57.12
"470",2025-03-03,1.04,56.79,"A1","B1",0.07,2025,3,"Mar","2025",154,8.01,58.51,1.72,0.23,56.74,-0.0499999999999972,56.79
"471",2025-03-04,1.22,56.97,"A3","B0",0,2025,3,"Mar","2025",155,8.01,58.51,1.54,0.23,56.74,-0.229999999999997,56.97
"472",2025-03-05,1.35,57.1,"A1","B1",0.39,2025,3,"Mar","2025",156,8.4,58.51,1.41,0.62,57.08,-0.0200000000000031,57.1
"473",2025-03-06,1.05,56.8,"A1","B1",0.18,2025,3,"Mar","2025",157,8.58,58.51,1.71,0.8,56.8,0,56.8
"474",2025-03-07,0.99,56.74,"A1","B1",0,2025,3,"Mar","2025",158,8.58,58.51,1.77,0.8,57.11,0.369999999999997,56.74
"475",2025-03-08,1.02,56.77,"A1","B1",0,2025,3,"Mar","2025",159,8.58,58.51,1.73999999999999,0.8,57.07,0.299999999999997,56.77
"476",2025-03-09,1.35,57.1,"A1","B1",0,2025,3,"Mar","2025",160,8.58,58.51,1.41,0.8,56.83,-0.270000000000003,57.1
"477",2025-03-10,1.36,57.11,"A1","B1",0,2025,3,"Mar","2025",161,8.58,58.51,1.4,0.8,56.72,-0.390000000000001,57.11
"478",2025-03-11,1.22,56.97,"A1","B1",0.07,2025,3,"Mar","2025",162,8.65,58.51,1.54,0.87,56.88,-0.0899999999999963,56.97
"479",2025-03-12,1.08,56.83,"A1","B1",1.06,2025,3,"Mar","2025",163,9.71,58.51,1.68,1.93,56.86,0.0300000000000011,56.83
"480",2025-03-13,1.07,56.82,"A1","B1",0.38,2025,3,"Mar","2025",164,10.09,58.51,1.69,2.31,56.69,-0.130000000000003,56.82
"481",2025-03-14,1.04,56.79,"A1","B1",0.55,2025,3,"Mar","2025",165,10.64,58.51,1.72,2.86,56.73,-0.0600000000000023,56.79
"482",2025-03-15,1,56.75,"A1","B1",0,2025,3,"Mar","2025",166,10.64,58.51,1.76,2.86,56.76,0.00999999999999801,56.75
"483",2025-03-16,0.71,56.46,"A1","B1",0.01,2025,3,"Mar","2025",167,10.65,58.51,2.05,2.71,57.12,0.659999999999997,56.46
"484",2025-03-17,0.55,56.3,"A1","B1",0.34,2025,3,"Mar","2025",168,10.99,58.51,2.21,2.98,56.79,0.490000000000002,56.3
"485",2025-03-18,0.53,56.28,"A1","B1",0.02,2025,3,"Mar","2025",169,11.01,58.51,2.23,3,56.97,0.689999999999998,56.28
"486",2025-03-19,0.55,56.3,"A1","B1",0,2025,3,"Mar","2025",170,11.01,58.51,2.21,2.61,57.1,0.800000000000004,56.3
"487",2025-03-20,0.64,56.39,"A1","B1",0,2025,3,"Mar","2025",171,11.01,58.51,2.12,2.43,56.8,0.409999999999997,56.39
"488",2025-03-21,0.68,56.43,"A1","B1",0,2025,3,"Mar","2025",172,11.01,58.51,2.08,2.43,56.74,0.310000000000002,56.43
"489",2025-03-22,0.61,56.36,"A1","B1",0,2025,3,"Mar","2025",173,11.01,58.51,2.15,2.43,56.77,0.410000000000004,56.36
"490",2025-03-23,0.79,56.54,"A1","B1",0,2025,3,"Mar","2025",174,11.01,58.51,1.97,2.43,57.1,0.560000000000002,56.54
"491",2025-03-24,0.74,56.49,"A1","B1",0,2025,3,"Mar","2025",175,11.01,58.51,2.02,2.43,57.11,0.619999999999997,56.49
"492",2025-03-25,0.87,56.62,"A1","B1",0,2025,3,"Mar","2025",176,11.01,58.51,1.89,2.36,56.97,0.350000000000001,56.62
"493",2025-03-26,0.86,56.61,"A1","B1",0.01,2025,3,"Mar","2025",177,11.02,58.51,1.9,1.31,56.83,0.219999999999999,56.61
"494",2025-03-27,0.89,56.64,"A1","B1",0,2025,3,"Mar","2025",178,11.02,58.51,1.87,0.93,56.82,0.18,56.64
"495",2025-03-28,1.12,56.87,"A1","B1",0,2025,3,"Mar","2025",179,11.02,58.51,1.64,0.38,56.79,-0.0799999999999983,56.87
"496",2025-03-29,0.99,56.74,"A1","B1",0,2025,3,"Mar","2025",180,11.02,58.51,1.77,0.38,56.75,0.00999999999999801,56.74
"497",2025-03-30,1.03,56.78,"A1","B1",0.23,2025,3,"Mar","2025",181,11.25,58.51,1.73,0.6,56.46,-0.32,56.78
"498",2025-03-31,1.07,56.82,"A1","B1",0.11,2025,3,"Mar","2025",182,11.36,58.51,1.69,0.37,56.3,-0.520000000000003,56.82
"499",2025-04-01,1.09,56.84,"A1","B1",0.04,2025,4,"Apr","2025",183,11.4,58.51,1.66999999999999,0.39,56.28,-0.560000000000002,56.84
"500",2025-04-02,1.37,57.12,"A1","B1",0.2,2025,4,"Apr","2025",184,11.6,58.51,1.39,0.59,56.3,-0.82,57.12
"501",2025-04-03,1.51,57.26,"A1","B1",0,2025,4,"Apr","2025",185,11.6,58.51,1.25,0.59,56.39,-0.869999999999997,57.26
"502",2025-04-04,1.27,57.02,"A1","B1",0,2025,4,"Apr","2025",186,11.6,58.51,1.48999999999999,0.59,56.43,-0.590000000000003,57.02
"503",2025-04-05,1.31,57.06,"A1","B1",0,2025,4,"Apr","2025",187,11.6,58.51,1.45,0.59,56.36,-0.700000000000003,57.06
"504",2025-04-06,1.41,57.16,"A1","B1",0,2025,4,"Apr","2025",188,11.6,58.51,1.35,0.59,56.54,-0.619999999999997,57.16
"505",2025-04-07,37.49,57.4,"A1","B1",0,2025,4,"Apr","2025",189,11.6,58.51,1.11,0.59,56.49,-0.909999999999997,57.4
"506",2025-04-08,57.31,57.31,"","",0,2025,4,"Apr","2025",190,11.6,58.51,1.2,0.59,56.62,-0.690000000000005,57.31
"507",2025-04-09,57.43,57.43,"","",0,2025,4,"Apr","2025",191,11.6,58.51,1.08,0.58,56.61,-0.82,57.43
"508",2025-04-10,57.71,57.71,"","",0,2025,4,"Apr","2025",192,11.6,58.51,0.799999999999997,0.58,56.64,-1.07,57.71
"509",2025-04-11,57.98,57.98,"","",0,2025,4,"Apr","2025",193,11.6,58.51,0.530000000000001,0.58,56.87,-1.11,57.98
"510",2025-04-12,57.88,57.88,"","",0,2025,4,"Apr","2025",194,11.6,58.51,0.629999999999995,0.58,56.74,-1.14,57.88
"511",2025-04-13,57.92,57.92,"","",0,2025,4,"Apr","2025",195,11.6,58.51,0.589999999999996,0.35,56.78,-1.14,57.92
"512",2025-04-14,58.25,58.25,"","",0,2025,4,"Apr","2025",196,11.6,58.51,0.259999999999998,0.24,56.82,-1.43,58.25
"513",2025-04-15,58.21,58.21,"","",0,2025,4,"Apr","2025",197,11.6,58.51,0.299999999999997,0.2,56.84,-1.37,58.21
"514",2025-04-16,58.17,58.17,"","",0,2025,4,"Apr","2025",198,11.6,58.51,0.339999999999996,0,57.12,-1.05,58.17
"515",2025-04-17,58.22,58.22,"","",0,2025,4,"Apr","2025",199,11.6,58.51,0.289999999999999,0,57.26,-0.960000000000001,58.22
"516",2025-04-18,58.3,58.3,"","",0,2025,4,"Apr","2025",200,11.6,58.51,0.210000000000001,0,57.02,-1.27999999999999,58.3
"517",2025-04-19,58.39,58.39,"","",0,2025,4,"Apr","2025",201,11.6,58.51,0.119999999999997,0,57.06,-1.33,58.39
"518",2025-04-20,58.5,58.5,"","",0,2025,4,"Apr","2025",202,11.6,58.51,0.00999999999999801,0,57.16,-1.34,58.5
"519",2025-04-21,58.51,58.51,"","",0,2025,4,"Apr","2025",203,11.6,58.51,0,0,57.4,-1.11,58.51
"520",2025-04-22,58.62,58.62,"","",0,2025,4,"Apr","2025",204,11.6,58.51,-0.109999999999999,0,57.31,-1.31,58.62
"521",2025-04-23,58.71,58.71,"","",0.01,2025,4,"Apr","2025",205,11.61,58.51,-0.200000000000003,0.01,57.43,-1.28,58.71
"522",2025-04-24,58.97,58.97,"","",0,2025,4,"Apr","2025",206,11.61,58.51,-0.460000000000001,0.01,57.71,-1.26,58.97
"523",2025-04-25,59.03,59.03,"","",0,2025,4,"Apr","2025",207,11.61,58.51,-0.520000000000003,0.01,57.98,-1.05,59.03
"524",2025-04-26,58.91,58.91,"","",0.42,2025,4,"Apr","2025",208,12.03,58.51,-0.399999999999999,0.43,57.88,-1.02999999999999,58.91
"525",2025-04-27,58.98,58.98,"","",0.05,2025,4,"Apr","2025",209,12.08,58.51,-0.469999999999999,0.48,57.92,-1.06,58.98
"526",2025-04-28,58.87,58.87,"","",0,2025,4,"Apr","2025",210,12.08,58.51,-0.359999999999999,0.48,58.25,-0.619999999999997,58.87
"527",2025-04-29,58.89,58.89,"","",0,2025,4,"Apr","2025",211,12.08,58.51,-0.380000000000003,0.48,58.21,-0.68,58.89
"528",2025-04-30,58.97,58.97,"","",0,2025,4,"Apr","2025",212,12.08,58.51,-0.460000000000001,0.48,58.17,-0.799999999999997,58.97
"529",2025-05-01,59.24,59.24,"","",0,2025,5,"May","2025",213,12.08,58.51,-0.730000000000004,0.48,58.22,-1.02,59.24
"530",2025-05-02,59,59,"","",0,2025,5,"May","2025",214,12.08,58.51,-0.490000000000002,0.48,58.3,-0.700000000000003,59
"531",2025-05-03,59.05,59.05,"","",0,2025,5,"May","2025",215,12.08,58.51,-0.539999999999999,0.48,58.39,-0.659999999999997,59.05
"532",2025-05-04,59.02,59.02,"","",0,2025,5,"May","2025",216,12.08,58.51,-0.510000000000005,0.48,58.5,-0.520000000000003,59.02
"533",2025-05-05,59.08,59.08,"","",0,2025,5,"May","2025",217,12.08,58.51,-0.57,0.48,58.51,-0.57,59.08
"534",2025-05-06,59.12,59.12,"","",0,2025,5,"May","2025",218,12.08,58.51,-0.609999999999999,0.48,58.62,-0.5,59.12
"535",2025-05-07,59.17,59.17,"","",0,2025,5,"May","2025",219,12.08,58.51,-0.660000000000004,0.47,58.71,-0.460000000000001,59.17
"536",2025-05-08,59.54,59.54,"","",0,2025,5,"May","2025",220,12.08,58.51,-1.03,0.47,58.97,-0.57,59.54
"537",2025-05-09,59.32,59.32,"","",0,2025,5,"May","2025",221,12.08,58.51,-0.810000000000002,0.47,59.03,-0.289999999999999,59.32
"538",2025-05-10,59.61,59.61,"","",0,2025,5,"May","2025",222,12.08,58.51,-1.1,0.05,58.91,-0.700000000000003,59.61
"539",2025-05-11,59.77,59.77,"","",0,2025,5,"May","2025",223,12.08,58.51,-1.26000000000001,0,58.98,-0.790000000000006,59.77
"540",2025-05-12,59.82,59.82,"","",0,2025,5,"May","2025",224,12.08,58.51,-1.31,0,58.87,-0.950000000000003,59.82
"541",2025-05-13,59.59,59.59,"","",0,2025,5,"May","2025",225,12.08,58.51,-1.08000000000001,0,58.89,-0.700000000000003,59.59
"542",2025-05-14,59.68,59.68,"","",0,2025,5,"May","2025",226,12.08,58.51,-1.17,0,58.97,-0.710000000000001,59.68
"543",2025-05-15,59.76,59.76,"","",0,2025,5,"May","2025",227,12.08,58.51,-1.25,0,59.24,-0.519999999999996,59.76
"544",2025-05-16,60.02,60.02,"","",0,2025,5,"May","2025",228,12.08,58.51,-1.51000000000001,0,59,-1.02,60.02
"545",2025-05-17,60.16,60.16,"","",0.04,2025,5,"May","2025",229,12.12,58.51,-1.65,0.04,59.05,-1.11,60.16
"546",2025-05-18,60,60,"","",0,2025,5,"May","2025",230,12.12,58.51,-1.49,0.04,59.02,-0.979999999999997,60
"547",2025-05-19,60.08,60.08,"","",0,2025,5,"May","2025",231,12.12,58.51,-1.57,0.04,59.08,-1,60.08
"548",2025-05-20,60.14,60.14,"","",0,2025,5,"May","2025",232,12.12,58.51,-1.63,0.04,59.12,-1.02,60.14
"549",2025-05-21,60.48,60.48,"","",0,2025,5,"May","2025",233,12.12,58.51,-1.97,0.04,59.17,-1.31,60.48
"550",2025-05-22,60.34,60.34,"","",0,2025,5,"May","2025",234,12.12,58.51,-1.83000000000001,0.04,59.54,-0.800000000000004,60.34
"551",2025-05-23,60.41,60.41,"","",0,2025,5,"May","2025",235,12.12,58.51,-1.9,0.04,59.32,-1.09,60.41
"552",2025-05-24,60.52,60.52,"","",0,2025,5,"May","2025",236,12.12,58.51,-2.01000000000001,0.04,59.61,-0.910000000000004,60.52
"553",2025-05-25,60.65,60.65,"","",0,2025,5,"May","2025",237,12.12,58.51,-2.14,0.04,59.77,-0.879999999999995,60.65
"554",2025-05-26,60.63,60.63,"","",0,2025,5,"May","2025",238,12.12,58.51,-2.12,0.04,59.82,-0.810000000000002,60.63
"555",2025-05-27,60.96,60.96,"","",0,2025,5,"May","2025",239,12.12,58.51,-2.45,0.04,59.59,-1.37,60.96
"556",2025-05-28,60.84,60.84,"","",0,2025,5,"May","2025",240,12.12,58.51,-2.33000000000001,0.04,59.68,-1.16,60.84
"557",2025-05-29,61.21,61.21,"","",0,2025,5,"May","2025",241,12.12,58.51,-2.7,0.04,59.76,-1.45,61.21
"558",2025-05-30,61.32,61.32,"","",0,2025,5,"May","2025",242,12.12,58.51,-2.81,0.04,60.02,-1.3,61.32
"559",2025-05-31,61.21,61.21,"","",0,2025,5,"May","2025",243,12.12,58.51,-2.7,0,60.16,-1.05,61.21
"560",2025-06-01,61.19,61.19,"","",0,2025,6,"Jun","2025",244,12.12,58.51,-2.68,0,60,-1.19,61.19
"561",2025-06-02,61.29,61.29,"","",0,2025,6,"Jun","2025",245,12.12,58.51,-2.78,0,60.08,-1.21,61.29
"562",2025-06-03,61.32,61.32,"","",0.01,2025,6,"Jun","2025",246,12.13,58.51,-2.81,0.01,60.14,-1.18,61.32
"563",2025-06-04,61.4,61.4,"","",0,2025,6,"Jun","2025",247,12.13,58.51,-2.89,0.01,60.48,-0.920000000000002,61.4
"564",2025-06-05,61.53,61.53,"","",0.01,2025,6,"Jun","2025",248,12.14,58.51,-3.02,0.02,60.34,-1.19,61.53
"565",2025-06-06,61.59,61.59,"","",0,2025,6,"Jun","2025",249,12.14,58.51,-3.08000000000001,0.02,60.41,-1.18000000000001,61.59
"566",2025-06-07,61.66,61.66,"","",0,2025,6,"Jun","2025",250,12.14,58.51,-3.15,0.02,60.52,-1.13999999999999,61.66
"567",2025-06-08,61.61,61.61,"","",0,2025,6,"Jun","2025",251,12.14,58.51,-3.1,0.02,60.65,-0.960000000000001,61.61
"568",2025-06-09,61.64,61.64,"","",0,2025,6,"Jun","2025",252,12.14,58.51,-3.13,0.02,60.63,-1.01,61.64
"569",2025-06-10,61.69,61.69,"","",0,2025,6,"Jun","2025",253,12.14,58.51,-3.18,0.02,60.96,-0.729999999999997,61.69
"570",2025-06-11,61.71,61.71,"","",0,2025,6,"Jun","2025",254,12.14,58.51,-3.2,0.02,60.84,-0.869999999999997,61.71
"571",2025-06-12,61.76,61.76,"","",0,2025,6,"Jun","2025",255,12.14,58.51,-3.25,0.02,61.21,-0.549999999999997,61.76
"572",2025-06-13,61.81,61.81,"","",0,2025,6,"Jun","2025",256,12.14,58.51,-3.3,0.02,61.32,-0.490000000000002,61.81
"573",2025-06-14,61.87,61.87,"","",0,2025,6,"Jun","2025",257,12.14,58.51,-3.36,0.02,61.21,-0.659999999999997,61.87
"574",2025-06-15,61.88,61.88,"","",0,2025,6,"Jun","2025",258,12.14,58.51,-3.37,0.02,61.19,-0.690000000000005,61.88
"575",2025-06-16,61.97,61.97,"","",0,2025,6,"Jun","2025",259,12.14,58.51,-3.46,0.02,61.29,-0.68,61.97
"576",2025-06-17,62.18,62.18,"","",0,2025,6,"Jun","2025",260,12.14,58.51,-3.67,0.01,61.32,-0.859999999999999,62.18
"577",2025-06-18,62.07,62.07,"","",0,2025,6,"Jun","2025",261,12.14,58.51,-3.56,0.01,61.4,-0.670000000000002,62.07
"578",2025-06-19,62.16,62.16,"","",0,2025,6,"Jun","2025",262,12.14,58.51,-3.65,0,61.53,-0.629999999999995,62.16
"579",2025-06-20,62.27,62.27,"","",0,2025,6,"Jun","2025",263,12.14,58.51,-3.76000000000001,0,61.59,-0.68,62.27
"580",2025-06-21,62.33,62.33,"","",0,2025,6,"Jun","2025",264,12.14,58.51,-3.82,0,61.66,-0.670000000000002,62.33
"581",2025-06-22,62.39,62.39,"","",0,2025,6,"Jun","2025",265,12.14,58.51,-3.88,0,61.61,-0.780000000000001,62.39
"582",2025-06-23,62.68,62.68,"","",0,2025,6,"Jun","2025",266,12.14,58.51,-4.17,0,61.64,-1.04,62.68
"583",2025-06-24,62.86,62.86,"","",0,2025,6,"Jun","2025",267,12.14,58.51,-4.35,0,61.69,-1.17,62.86
"584",2025-06-25,62.76,62.76,"","",0,2025,6,"Jun","2025",268,12.14,58.51,-4.25,0,61.71,-1.05,62.76
"585",2025-06-26,62.68,62.68,"","",0,2025,6,"Jun","2025",269,12.14,58.51,-4.17,0,61.76,-0.920000000000002,62.68
"586",2025-06-27,62.75,62.75,"","",0,2025,6,"Jun","2025",270,12.14,58.51,-4.24,0,61.81,-0.939999999999998,62.75
"587",2025-06-28,62.98,62.98,"","",0,2025,6,"Jun","2025",271,12.14,58.51,-4.47,0,61.87,-1.11,62.98
"588",2025-06-29,62.86,62.86,"","",0,2025,6,"Jun","2025",272,12.14,58.51,-4.35,0,61.88,-0.979999999999997,62.86
"589",2025-06-30,62.9,62.9,"","",0,2025,6,"Jun","2025",273,12.14,58.51,-4.39,0,61.97,-0.93,62.9
"590",2025-07-01,63.23,63.23,"","",0,2025,7,"Jul","2025",274,12.14,58.51,-4.72,0,62.18,-1.05,63.23
"591",2025-07-02,63.19,63.19,"","",0,2025,7,"Jul","2025",275,12.14,58.51,-4.68,0,62.07,-1.12,63.19
"592",2025-07-03,63.06,63.06,"","",0,2025,7,"Jul","2025",276,12.14,58.51,-4.55,0,62.16,-0.900000000000006,63.06
"593",2025-07-04,63.14,63.14,"","",0,2025,7,"Jul","2025",277,12.14,58.51,-4.63,0,62.27,-0.869999999999997,63.14
"594",2025-07-05,63.17,63.17,"","",0,2025,7,"Jul","2025",278,12.14,58.51,-4.66,0,62.33,-0.840000000000003,63.17
"595",2025-07-06,63.31,63.31,"","",0,2025,7,"Jul","2025",279,12.14,58.51,-4.8,0,62.39,-0.920000000000002,63.31
"596",2025-07-07,63.23,63.23,"","",0,2025,7,"Jul","2025",280,12.14,58.51,-4.72,0,62.68,-0.549999999999997,63.23
"597",2025-07-08,70.62,63.1,"A0","B2",0,2025,7,"Jul","2025",281,12.14,58.51,-4.59,0,62.86,-0.240000000000002,63.1
"598",2025-07-09,72.84,63.07,"A0","B2",0,2025,7,"Jul","2025",282,12.14,58.51,-4.56,0,62.76,-0.310000000000002,63.07
"599",2025-07-10,72.8,63.03,"A0","B2",0,2025,7,"Jul","2025",283,12.14,58.51,-4.52,0,62.68,-0.350000000000001,63.03
"600",2025-07-11,72.87,63.1,"A0","B2",0,2025,7,"Jul","2025",284,12.14,58.51,-4.59,0,62.75,-0.350000000000001,63.1
"601",2025-07-12,72.93,63.16,"A0","B2",0,2025,7,"Jul","2025",285,12.14,58.51,-4.65,0,62.98,-0.18,63.16
"602",2025-07-13,72.96,63.19,"A0","B2",0,2025,7,"Jul","2025",286,12.14,58.51,-4.68,0,62.86,-0.329999999999998,63.19
"603",2025-07-14,73.01,63.24,"A0","B2",0,2025,7,"Jul","2025",287,12.14,58.51,-4.73,0,62.9,-0.340000000000003,63.24
"604",2025-07-15,73.06,63.29,"A0","B2",0,2025,7,"Jul","2025",288,12.14,58.51,-4.78,0,63.23,-0.0600000000000023,63.29
"605",2025-07-16,73.08,63.31,"A0","B2",0.01,2025,7,"Jul","2025",289,12.15,58.51,-4.8,0.01,63.19,-0.120000000000005,63.31
"606",2025-07-17,73.13,63.36,"A0","B2",0,2025,7,"Jul","2025",290,12.15,58.51,-4.85,0.01,63.06,-0.299999999999997,63.36
"607",2025-07-18,73.16,63.39,"A0","B2",0.01,2025,7,"Jul","2025",291,12.16,58.51,-4.88,0.02,63.14,-0.25,63.39
"608",2025-07-19,73.3,63.53,"A0","B2",0,2025,7,"Jul","2025",292,12.16,58.51,-5.02,0.02,63.17,-0.359999999999999,63.53
"609",2025-07-20,73.23,63.46,"A0","B2",0,2025,7,"Jul","2025",293,12.16,58.51,-4.95,0.02,63.31,-0.149999999999999,63.46
"610",2025-07-21,73.25,63.48,"A0","B2",0,2025,7,"Jul","2025",294,12.16,58.51,-4.97,0.02,63.23,-0.25,63.48
"611",2025-07-22,73.27,63.5,"A0","B2",0,2025,7,"Jul","2025",295,12.16,58.51,-4.99,0.02,63.1,-0.399999999999999,63.5
"612",2025-07-23,73.58,63.81,"A0","B2",0,2025,7,"Jul","2025",296,12.16,58.51,-5.3,0.02,63.07,-0.740000000000002,63.81
"613",2025-07-24,73.39,63.62,"A0","B2",0,2025,7,"Jul","2025",297,12.16,58.51,-5.11,0.02,63.03,-0.589999999999996,63.62
"614",2025-07-25,73.34,63.57,"A0","B2",0,2025,7,"Jul","2025",298,12.16,58.51,-5.06,0.02,63.1,-0.469999999999999,63.57
"615",2025-07-26,73.35,63.58,"A0","B2",0,2025,7,"Jul","2025",299,12.16,58.51,-5.07,0.02,63.16,-0.420000000000002,63.58
"616",2025-07-27,73.39,63.62,"A0","B2",0,2025,7,"Jul","2025",300,12.16,58.51,-5.11,0.02,63.19,-0.43,63.62
"617",2025-07-28,73.53,63.76,"A0","B2",0,2025,7,"Jul","2025",301,12.16,58.51,-5.25,0.02,63.24,-0.519999999999996,63.76
"618",2025-07-29,73.45,63.68,"A0","B2",0,2025,7,"Jul","2025",302,12.16,58.51,-5.17,0.02,63.29,-0.390000000000001,63.68
"619",2025-07-30,73.51,63.74,"A0","B2",0,2025,7,"Jul","2025",303,12.16,58.51,-5.23,0.01,63.31,-0.43,63.74
"620",2025-07-31,73.56,63.79,"A0","B2",0,2025,7,"Jul","2025",304,12.16,58.51,-5.28,0.01,63.36,-0.43,63.79
"621",2025-08-01,73.6,63.83,"A0","B2",0,2025,8,"Aug","2025",305,12.16,58.51,-5.32,0,63.39,-0.439999999999998,63.83
"622",2025-08-02,73.6,63.83,"A0","B2",0,2025,8,"Aug","2025",306,12.16,58.51,-5.32,0,63.53,-0.299999999999997,63.83
"623",2025-08-03,73.63,63.86,"A0","B2",0,2025,8,"Aug","2025",307,12.16,58.51,-5.35,0,63.46,-0.399999999999999,63.86
"624",2025-08-04,73.73,63.96,"A0","B2",0,2025,8,"Aug","2025",308,12.16,58.51,-5.45,0,63.48,-0.480000000000004,63.96
"625",2025-08-05,73.96,64.19,"A0","B2",0,2025,8,"Aug","2025",309,12.16,58.51,-5.68,0,63.5,-0.689999999999998,64.19
"626",2025-08-06,73.74,63.97,"A0","B2",0,2025,8,"Aug","2025",310,12.16,58.51,-5.46,0,63.81,-0.159999999999997,63.97
"627",2025-08-07,73.74,63.97,"A0","B2",0,2025,8,"Aug","2025",311,12.16,58.51,-5.46,0,63.62,-0.350000000000001,63.97
"628",2025-08-08,73.86,64.09,"A0","B2",0,2025,8,"Aug","2025",312,12.16,58.51,-5.58000000000001,0,63.57,-0.520000000000003,64.09
"629",2025-08-09,74.06,64.29,"A0","B2",0,2025,8,"Aug","2025",313,12.16,58.51,-5.78000000000001,0,63.58,-0.710000000000008,64.29
"630",2025-08-10,73.98,64.21,"A0","B2",0,2025,8,"Aug","2025",314,12.16,58.51,-5.7,0,63.62,-0.589999999999996,64.21
"631",2025-08-11,74.05,64.28,"A0","B2",0,2025,8,"Aug","2025",315,12.16,58.51,-5.77,0,63.76,-0.520000000000003,64.28
"632",2025-08-12,73.9,64.13,"A0","B2",0,2025,8,"Aug","2025",316,12.16,58.51,-5.62,0,63.68,-0.449999999999996,64.13
"633",2025-08-13,73.93,64.16,"A0","B2",0,2025,8,"Aug","2025",317,12.16,58.51,-5.65,0,63.74,-0.419999999999995,64.16
"634",2025-08-14,74.16,64.39,"A0","B2",0,2025,8,"Aug","2025",318,12.16,58.51,-5.88,0,63.79,-0.600000000000001,64.39
"635",2025-08-15,74.28,64.51,"A0","B2",0,2025,8,"Aug","2025",319,12.16,58.51,-6.00000000000001,0,63.83,-0.680000000000007,64.51
"636",2025-08-16,74.07,64.3,"A0","B2",0,2025,8,"Aug","2025",320,12.16,58.51,-5.79,0,63.83,-0.469999999999999,64.3
"637",2025-08-17,73.95,64.18,"A0","B2",0,2025,8,"Aug","2025",321,12.16,58.51,-5.67000000000001,0,63.86,-0.320000000000007,64.18
"638",2025-08-18,73.96,64.19,"A0","B2",0,2025,8,"Aug","2025",322,12.16,58.51,-5.68,0,63.96,-0.229999999999997,64.19
"639",2025-08-19,73.88,64.11,"A0","B2",0,2025,8,"Aug","2025",323,12.16,58.51,-5.6,0,64.19,0.0799999999999983,64.11
"640",2025-08-20,73.97,64.2,"A0","B2",0,2025,8,"Aug","2025",324,12.16,58.51,-5.69,0,63.97,-0.230000000000004,64.2
"641",2025-08-21,74.18,64.41,"A0","B2",0,2025,8,"Aug","2025",325,12.16,58.51,-5.9,0,63.97,-0.439999999999998,64.41
"642",2025-08-22,73.99,64.22,"A0","B2",0,2025,8,"Aug","2025",326,12.16,58.51,-5.71,0,64.09,-0.129999999999995,64.22
"643",2025-08-23,74.11,64.34,"A0","B2",0,2025,8,"Aug","2025",327,12.16,58.51,-5.83000000000001,0,64.29,-0.0499999999999972,64.34
"644",2025-08-24,73.94,64.17,"A0","B2",0,2025,8,"Aug","2025",328,12.16,58.51,-5.66,0,64.21,0.039999999999992,64.17
"645",2025-08-25,73.97,64.2,"A0","B2",0,2025,8,"Aug","2025",329,12.16,58.51,-5.69,0,64.28,0.0799999999999983,64.2
"646",2025-08-26,74.04,64.27,"A0","B2",0,2025,8,"Aug","2025",330,12.16,58.51,-5.76,0,64.13,-0.140000000000001,64.27
"647",2025-08-27,74.12,64.35,"A0","B2",0,2025,8,"Aug","2025",331,12.16,58.51,-5.84,0,64.16,-0.189999999999998,64.35
"648",2025-08-28,74.07,64.3,"A0","B2",0,2025,8,"Aug","2025",332,12.16,58.51,-5.79,0,64.39,0.0900000000000034,64.3
"649",2025-08-29,74.07,64.3,"A0","B2",0,2025,8,"Aug","2025",333,12.16,58.51,-5.79,0,64.51,0.210000000000008,64.3
"650",2025-08-30,74.1,64.33,"A0","B2",0,2025,8,"Aug","2025",334,12.16,58.51,-5.82,0,64.3,-0.0300000000000011,64.33
"651",2025-08-31,74.31,64.54,"A0","B2",0,2025,8,"Aug","2025",335,12.16,58.51,-6.03000000000001,0,64.18,-0.359999999999999,64.54
"652",2025-09-01,74.26,64.49,"A0","B2",0,2025,9,"Sep","2025",336,12.16,58.51,-5.98,0,64.19,-0.299999999999997,64.49
"653",2025-09-02,74.26,64.49,"A0","B2",0,2025,9,"Sep","2025",337,12.16,58.51,-5.98,0,64.11,-0.379999999999995,64.49
"654",2025-09-03,74.36,64.59,"A0","B2",0,2025,9,"Sep","2025",338,12.16,58.51,-6.08000000000001,0,64.2,-0.390000000000001,64.59
"655",2025-09-04,74.25,64.48,"A0","B2",0,2025,9,"Sep","2025",339,12.16,58.51,-5.97000000000001,0,64.41,-0.0700000000000074,64.48
"656",2025-09-05,74.26,64.49,"A0","B2",0,2025,9,"Sep","2025",340,12.16,58.51,-5.98,0,64.22,-0.269999999999996,64.49
"657",2025-09-06,74.3,64.53,"A0","B2",0,2025,9,"Sep","2025",341,12.16,58.51,-6.02,0,64.34,-0.189999999999998,64.53
"658",2025-09-07,74.34,64.57,"A0","B2",0,2025,9,"Sep","2025",342,12.16,58.51,-6.06,0,64.17,-0.399999999999991,64.57
"659",2025-09-08,74.61,64.84,"A0","B2",0,2025,9,"Sep","2025",343,12.16,58.51,-6.33000000000001,0,64.2,-0.640000000000001,64.84
"660",2025-09-09,74.47,64.7,"A0","B2",0,2025,9,"Sep","2025",344,12.16,58.51,-6.19,0,64.27,-0.430000000000007,64.7
"661",2025-09-10,74.38,64.61,"A0","B2",0,2025,9,"Sep","2025",345,12.16,58.51,-6.1,0,64.35,-0.260000000000005,64.61
"662",2025-09-11,74.38,64.61,"A0","B2",0,2025,9,"Sep","2025",346,12.16,58.51,-6.1,0,64.3,-0.310000000000002,64.61
"663",2025-09-12,74.4,64.63,"A0","B2",0,2025,9,"Sep","2025",347,12.16,58.51,-6.12,0,64.3,-0.329999999999998,64.63
"664",2025-09-13,74.52,64.75,"A0","B2",0,2025,9,"Sep","2025",348,12.16,58.51,-6.24,0,64.33,-0.420000000000002,64.75
"665",2025-09-14,74.56,64.79,"A0","B2",0,2025,9,"Sep","2025",349,12.16,58.51,-6.28000000000001,0,64.54,-0.25,64.79
"666",2025-09-15,74.53,64.76,"A0","B2",0,2025,9,"Sep","2025",350,12.16,58.51,-6.25000000000001,0,64.49,-0.27000000000001,64.76
"667",2025-09-16,74.71,64.94,"A0","B2",0,2025,9,"Sep","2025",351,12.16,58.51,-6.43,0,64.49,-0.450000000000003,64.94
"668",2025-09-17,74.49,64.72,"A0","B2",0,2025,9,"Sep","2025",352,12.16,58.51,-6.21,0,64.59,-0.129999999999995,64.72
"669",2025-09-18,74.73,64.96,"A0","B2",0,2025,9,"Sep","2025",353,12.16,58.51,-6.45,0,64.48,-0.47999999999999,64.96
"670",2025-09-19,74.85,65.08,"A0","B2",0,2025,9,"Sep","2025",354,12.16,58.51,-6.57,0,64.49,-0.590000000000003,65.08
"671",2025-09-20,74.79,65.02,"A0","B2",0,2025,9,"Sep","2025",355,12.16,58.51,-6.51,0,64.53,-0.489999999999995,65.02
"672",2025-09-21,74.73,64.96,"A0","B2",0,2025,9,"Sep","2025",356,12.16,58.51,-6.45,0,64.57,-0.390000000000001,64.96
"673",2025-09-22,74.63,64.86,"A0","B2",0,2025,9,"Sep","2025",357,12.16,58.51,-6.35,0,64.84,-0.019999999999996,64.86
"674",2025-09-23,74.64,64.87,"A0","B2",0.16,2025,9,"Sep","2025",358,12.32,58.51,-6.36000000000001,0.16,64.7,-0.170000000000002,64.87
"675",2025-09-24,74.64,64.87,"A0","B2",0.17,2025,9,"Sep","2025",359,12.49,58.51,-6.36000000000001,0.33,64.61,-0.260000000000005,64.87
"676",2025-09-25,74.68,64.91,"A0","B2",0,2025,9,"Sep","2025",360,12.49,58.51,-6.4,0.33,64.61,-0.299999999999997,64.91
"677",2025-09-26,74.63,64.86,"A0","B2",0,2025,9,"Sep","2025",361,12.49,58.51,-6.35,0.33,64.63,-0.230000000000004,64.86
"678",2025-09-27,74.61,64.84,"A0","B2",0.03,2025,9,"Sep","2025",362,12.52,58.51,-6.33000000000001,0.36,64.75,-0.0900000000000034,64.84
"679",2025-09-28,74.78,65.01,"A0","B2",0,2025,9,"Sep","2025",363,12.52,58.51,-6.50000000000001,0.36,64.79,-0.219999999999999,65.01
"680",2025-09-29,74.62,64.85,"A0","B2",0.01,2025,9,"Sep","2025",364,12.53,58.51,-6.34,0.37,64.76,-0.0899999999999892,64.85
"681",2025-09-30,74.7,64.93,"A0","B2",0,2025,9,"Sep","2025",365,12.53,58.51,-6.42000000000001,0.37,64.94,0.00999999999999091,64.93
"682",2025-10-01,74.65,64.88,"A0","B2",0,2025,10,"Oct","2026",1,0,64.88,0,0.37,64.72,-0.159999999999997,64.88
"683",2025-10-02,74.72,64.95,"A0","B2",0,2025,10,"Oct","2026",2,0,64.88,-0.0700000000000074,0.37,64.96,0.00999999999999091,64.95
"684",2025-10-03,74.56,64.79,"A0","B2",0,2025,10,"Oct","2026",3,0,64.88,0.0899999999999892,0.37,65.08,0.289999999999992,64.79
"685",2025-10-04,74.51,64.74,"A0","B2",0,2025,10,"Oct","2026",4,0,64.88,0.140000000000001,0.37,65.02,0.280000000000001,64.74
"686",2025-10-05,74.47,64.7,"A0","B2",0,2025,10,"Oct","2026",5,0,64.88,0.179999999999993,0.37,64.96,0.259999999999991,64.7
"687",2025-10-06,74.44,64.67,"A0","B2",0,2025,10,"Oct","2026",6,0,64.88,0.209999999999994,0.37,64.86,0.189999999999998,64.67
"688",2025-10-07,74.43,64.66,"A0","B2",0,2025,10,"Oct","2026",7,0,64.88,0.219999999999999,0.21,64.87,0.210000000000008,64.66
"689",2025-10-08,74.42,64.65,"A0","B2",0.01,2025,10,"Oct","2026",8,0.01,64.88,0.22999999999999,0.05,64.87,0.219999999999999,64.65
"690",2025-10-09,74.42,64.65,"A0","B2",0,2025,10,"Oct","2026",9,0.01,64.88,0.22999999999999,0.05,64.91,0.259999999999991,64.65
"691",2025-10-10,74.38,64.61,"A0","B2",0.01,2025,10,"Oct","2026",10,0.02,64.88,0.269999999999996,0.06,64.86,0.25,64.61
"692",2025-10-11,74.39,64.62,"A0","B2",0,2025,10,"Oct","2026",11,0.02,64.88,0.259999999999991,0.03,64.84,0.219999999999999,64.62
"693",2025-10-12,74.59,64.82,"A0","B2",0,2025,10,"Oct","2026",12,0.02,64.88,0.0600000000000023,0.03,65.01,0.190000000000012,64.82
"694",2025-10-13,74.54,64.77,"A0","B2",0.51,2025,10,"Oct","2026",13,0.53,64.88,0.109999999999999,0.53,64.85,0.0799999999999983,64.77
"695",2025-10-14,74.33,64.56,"A0","B2",1.35,2025,10,"Oct","2026",14,1.88,64.88,0.319999999999993,1.88,64.93,0.370000000000005,64.56
"696",2025-10-15,74.48,64.71,"A0","B2",0,2025,10,"Oct","2026",15,1.88,64.88,0.170000000000002,1.88,64.88,0.170000000000002,64.71
"697",2025-10-16,74.37,64.6,"A0","B2",0,2025,10,"Oct","2026",16,1.88,64.88,0.280000000000001,1.88,64.95,0.350000000000009,64.6
"698",2025-10-17,74.31,64.54,"A0","B2",0,2025,10,"Oct","2026",17,1.88,64.88,0.339999999999989,1.88,64.79,0.25,64.54
"699",2025-10-18,74.33,64.56,"A0","B2",0,2025,10,"Oct","2026",18,1.88,64.88,0.319999999999993,1.88,64.74,0.179999999999993,64.56
"700",2025-10-19,74.3,64.53,"A0","B2",0,2025,10,"Oct","2026",19,1.88,64.88,0.349999999999994,1.88,64.7,0.170000000000002,64.53
"701",2025-10-20,74.25,64.48,"A0","B2",0,2025,10,"Oct","2026",20,1.88,64.88,0.399999999999991,1.88,64.67,0.189999999999998,64.48
"702",2025-10-21,74.3,64.53,"A0","B2",0,2025,10,"Oct","2026",21,1.88,64.88,0.349999999999994,1.88,64.66,0.129999999999995,64.53
"703",2025-10-22,74.45,64.68,"A0","B2",0,2025,10,"Oct","2026",22,1.88,64.88,0.199999999999989,1.87,64.65,-0.0300000000000011,64.68
"704",2025-10-23,74.32,64.55,"A0","B2",0,2025,10,"Oct","2026",23,1.88,64.88,0.329999999999998,1.87,64.65,0.100000000000009,64.55
"705",2025-10-24,74.33,64.56,"A0","B2",0,2025,10,"Oct","2026",24,1.88,64.88,0.319999999999993,1.86,64.61,0.0499999999999972,64.56
"706",2025-10-25,74.17,64.4,"A0","B2",0,2025,10,"Oct","2026",25,1.88,64.88,0.47999999999999,1.86,64.62,0.219999999999999,64.4
"707",2025-10-26,74.03,64.26,"A0","B2",0,2025,10,"Oct","2026",26,1.88,64.88,0.61999999999999,1.86,64.82,0.559999999999988,64.26
"708",2025-10-27,74.03,64.26,"A0","B2",0,2025,10,"Oct","2026",27,1.88,64.88,0.61999999999999,1.35,64.77,0.509999999999991,64.26
"709",2025-10-28,74.01,64.24,"A0","B2",0,2025,10,"Oct","2026",28,1.88,64.88,0.640000000000001,0,64.56,0.320000000000007,64.24
"710",2025-10-29,73.95,64.18,"A0","B2",0,2025,10,"Oct","2026",29,1.88,64.88,0.699999999999989,0,64.71,0.529999999999987,64.18
"711",2025-10-30,73.94,64.17,"A0","B2",0,2025,10,"Oct","2026",30,1.88,64.88,0.709999999999994,0,64.6,0.429999999999993,64.17
"712",2025-10-31,74.01,64.24,"A0","B2",0,2025,10,"Oct","2026",31,1.88,64.88,0.640000000000001,0,64.54,0.300000000000011,64.24
"713",2025-11-01,74.03,64.26,"A0","B2",0,2025,11,"Nov","2026",32,1.88,64.88,0.61999999999999,0,64.56,0.299999999999997,64.26
"714",2025-11-02,73.91,64.14,"A0","B2",0,2025,11,"Nov","2026",33,1.88,64.88,0.739999999999995,0,64.53,0.390000000000001,64.14
"715",2025-11-03,74.1,64.33,"A0","B2",0,2025,11,"Nov","2026",34,1.88,64.88,0.549999999999997,0,64.48,0.150000000000006,64.33
"716",2025-11-04,73.97,64.2,"A0","B2",0.01,2025,11,"Nov","2026",35,1.89,64.88,0.679999999999993,0.01,64.53,0.329999999999998,64.2
"717",2025-11-05,73.88,64.11,"A0","B2",0,2025,11,"Nov","2026",36,1.89,64.88,0.769999999999996,0.01,64.68,0.570000000000007,64.11
"718",2025-11-06,73.87,64.1,"A0","B2",0,2025,11,"Nov","2026",37,1.89,64.88,0.780000000000001,0.01,64.55,0.450000000000003,64.1
"719",2025-11-07,73.92,64.15,"A0","B2",0,2025,11,"Nov","2026",38,1.89,64.88,0.72999999999999,0.01,64.56,0.409999999999997,64.15
"720",2025-11-08,74.02,64.25,"A0","B2",0,2025,11,"Nov","2026",39,1.89,64.88,0.629999999999995,0.01,64.4,0.150000000000006,64.25
"721",2025-11-09,73.91,64.14,"A0","B2",0,2025,11,"Nov","2026",40,1.89,64.88,0.739999999999995,0.01,64.26,0.120000000000005,64.14
"722",2025-11-10,73.82,64.05,"A0","B2",0,2025,11,"Nov","2026",41,1.89,64.88,0.829999999999998,0.01,64.26,0.210000000000008,64.05
"723",2025-11-11,73.8,64.03,"A0","B2",0,2025,11,"Nov","2026",42,1.89,64.88,0.849999999999994,0.01,64.24,0.209999999999994,64.03
"724",2025-11-12,73.79,64.02,"A0","B2",0,2025,11,"Nov","2026",43,1.89,64.88,0.859999999999999,0.01,64.18,0.160000000000011,64.02
"725",2025-11-13,73.75,63.98,"A0","B2",2.69,2025,11,"Nov","2026",44,4.58,64.88,0.899999999999999,2.7,64.17,0.190000000000005,63.98
"726",2025-11-14,73.61,63.84,"A0","B2",0.51,2025,11,"Nov","2026",45,5.09,64.88,1.03999999999999,3.21,64.24,0.399999999999991,63.84
"727",2025-11-15,73.62,63.85,"A0","B2",1.45,2025,11,"Nov","2026",46,6.54,64.88,1.02999999999999,4.66,64.26,0.410000000000004,63.85
"728",2025-11-16,73.61,63.84,"A0","B2",1.45,2025,11,"Nov","2026",47,7.99,64.88,1.03999999999999,6.11,64.14,0.299999999999997,63.84
"729",2025-11-17,73.09,63.32,"A0","B2",1.12,2025,11,"Nov","2026",48,9.11,64.88,1.56,7.23,64.33,1.01,63.32
"730",2025-11-18,72.94,63.17,"A0","B2",0.01,2025,11,"Nov","2026",49,9.12,64.88,1.70999999999999,7.23,64.2,1.03,63.17
"731",2025-11-19,72.95,63.18,"A0","B2",0.01,2025,11,"Nov","2026",50,9.13,64.88,1.7,7.24,64.11,0.93,63.18
"732",2025-11-20,72.75,62.98,"A0","B2",0.54,2025,11,"Nov","2026",51,9.67,64.88,1.9,7.78,64.1,1.12,62.98
"733",2025-11-21,72.71,62.94,"A0","B2",0.01,2025,11,"Nov","2026",52,9.68,64.88,1.94,7.79,64.15,1.21000000000001,62.94
"734",2025-11-22,72.67,62.9,"A0","B2",0,2025,11,"Nov","2026",53,9.68,64.88,1.98,7.79,64.25,1.35,62.9
"735",2025-11-23,72.88,63.11,"A0","B2",0,2025,11,"Nov","2026",54,9.68,64.88,1.77,7.79,64.14,1.03,63.11
"736",2025-11-24,72.69,62.92,"A0","B2",0,2025,11,"Nov","2026",55,9.68,64.88,1.95999999999999,7.79,64.05,1.13,62.92
"737",2025-11-25,72.65,62.88,"A0","B2",0,2025,11,"Nov","2026",56,9.68,64.88,1.99999999999999,7.79,64.03,1.15,62.88
"738",2025-11-26,72.63,62.86,"A0","B2",0,2025,11,"Nov","2026",57,9.68,64.88,2.02,7.79,64.02,1.16,62.86
"739",2025-11-27,72.53,62.76,"A0","B2",0,2025,11,"Nov","2026",58,9.68,64.88,2.12,5.1,63.98,1.22,62.76
"740",2025-11-28,72.26,62.49,"A0","B2",0,2025,11,"Nov","2026",59,9.68,64.88,2.38999999999999,4.59,63.84,1.35,62.49
"741",2025-11-29,72.33,62.56,"A0","B2",0,2025,11,"Nov","2026",60,9.68,64.88,2.31999999999999,3.14,63.85,1.29,62.56
"742",2025-11-30,71.94,62.17,"A0","B2",0,2025,11,"Nov","2026",61,9.68,64.88,2.70999999999999,1.69,63.84,1.67,62.17
"743",2025-12-01,71.87,62.1,"A0","B2",0,2025,12,"Dec","2026",62,9.68,64.88,2.77999999999999,0.57,63.32,1.22,62.1
"744",2025-12-09,71.44,61.67,"A0","B2",0,2025,12,"Dec","2026",70,9.68,64.88,3.20999999999999,0.56,63.17,1.5,61.67
"745",2025-12-10,71.19,61.42,"A0","B2",0,2025,12,"Dec","2026",71,9.68,64.88,3.45999999999999,0.55,63.18,1.76,61.42
"746",2025-12-11,71.13,61.36,"A0","B2",0,2025,12,"Dec","2026",72,9.68,64.88,3.52,0.01,62.98,1.62,61.36
"747",2025-12-12,71.28,61.51,"A0","B2",0,2025,12,"Dec","2026",73,9.68,64.88,3.37,0,62.94,1.43,61.51
"748",2025-12-13,71.29,61.52,"A0","B2",0,2025,12,"Dec","2026",74,9.68,64.88,3.35999999999999,0,62.9,1.38,61.52
"749",2025-12-14,70.97,61.2,"A0","B2",0,2025,12,"Dec","2026",75,9.68,64.88,3.67999999999999,0,63.11,1.91,61.2
"750",2025-12-15,70.91,61.14,"A0","B2",0.01,2025,12,"Dec","2026",76,9.69,64.88,3.73999999999999,0.01,62.92,1.78,61.14
"751",2025-12-16,70.84,61.07,"A0","B2",0,2025,12,"Dec","2026",77,9.69,64.88,3.81,0.01,62.88,1.81,61.07
"752",2025-12-17,70.79,61.02,"A0","B2",0,2025,12,"Dec","2026",78,9.69,64.88,3.85999999999999,0.01,62.86,1.84,61.02
"753",2025-12-18,70.74,60.97,"A0","B2",0,2025,12,"Dec","2026",79,9.69,64.88,3.91,0.01,62.76,1.79,60.97
"754",2025-12-19,70.96,61.19,"A0","B2",0,2025,12,"Dec","2026",80,9.69,64.88,3.69,0.01,62.49,1.3,61.19
"755",2025-12-20,70.93,61.16,"A0","B2",0,2025,12,"Dec","2026",81,9.69,64.88,3.72,0.01,62.56,1.40000000000001,61.16
"756",2025-12-21,70.61,60.84,"A0","B2",0.02,2025,12,"Dec","2026",82,9.71,64.88,4.03999999999999,0.03,62.17,1.33,60.84
"757",2025-12-22,70.6,60.83,"A0","B2",0,2025,12,"Dec","2026",83,9.71,64.88,4.05,0.03,62.1,1.27,60.83
"758",2025-12-23,70.5,60.73,"A0","B2",2.4,2025,12,"Dec","2026",84,12.11,64.88,4.15,2.43,61.67,0.940000000000005,60.73
"759",2025-12-24,69.64,59.87,"A0","B2",2.88,2025,12,"Dec","2026",85,14.99,64.88,5.01,5.31,61.42,1.55,59.87
"760",2025-12-25,66.92,57.15,"A0","B2",1.14,2025,12,"Dec","2026",86,16.13,64.88,7.73,6.45,61.36,4.21,57.15
"761",2025-12-26,65.3,55.53,"A0","B2",0.09,2025,12,"Dec","2026",87,16.22,64.88,9.34999999999999,6.54,61.51,5.98,55.53
"762",2025-12-27,64.22,54.45,"A0","B2",0.01,2025,12,"Dec","2026",88,16.23,64.88,10.43,6.55,61.52,7.07,54.45
"763",2025-12-28,63.73,53.96,"A0","B2",0,2025,12,"Dec","2026",89,16.23,64.88,10.92,6.55,61.2,7.24,53.96
"764",2025-12-29,63.67,53.9,"A0","B2",0,2025,12,"Dec","2026",90,16.23,64.88,10.98,6.54,61.14,7.24,53.9
"765",2025-12-30,63.29,53.52,"A0","B2",0,2025,12,"Dec","2026",91,16.23,64.88,11.36,6.54,61.07,7.55,53.52
"766",2025-12-31,63.09,53.32,"A0","B2",0.78,2025,12,"Dec","2026",92,17.01,64.88,11.56,7.32,61.02,7.7,53.32
"767",2026-01-01,62.7,52.93,"A0","B2",1.09,2026,1,"Jan","2026",93,18.1,64.88,11.95,8.41,60.97,8.04,52.93
"768",2026-01-02,62.45,52.68,"A0","B2",0.02,2026,1,"Jan","2026",94,18.12,64.88,12.2,8.43,61.19,8.51,52.68
"769",2026-01-03,61.14,51.37,"A0","B2",3.81,2026,1,"Jan","2026",95,21.93,64.88,13.51,12.24,61.16,9.79,51.37
"770",2026-01-04,60.12,50.35,"A0","B2",0.39,2026,1,"Jan","2026",96,22.32,64.88,14.53,12.61,60.84,10.49,50.35
"771",2026-01-05,60.36,50.59,"A0","B2",0.03,2026,1,"Jan","2026",97,22.35,64.88,14.29,12.64,60.83,10.24,50.59
"772",2026-01-06,60.58,50.81,"A0","B2",0,2026,1,"Jan","2026",98,22.35,64.88,14.07,10.24,60.73,9.91999999999999,50.81
"773",2026-01-07,60.75,50.98,"A0","B2",0,2026,1,"Jan","2026",99,22.35,64.88,13.9,7.36,59.87,8.89,50.98
